-- MySQL Script generated by MySQL Workbench
-- Mon Sep  2 09:14:11 2019
-- Model: New Model    Version: 1.0
-- MySQL Workbench Forward Engineering

SET @OLD_UNIQUE_CHECKS=@@UNIQUE_CHECKS, UNIQUE_CHECKS=0;
SET @OLD_FOREIGN_KEY_CHECKS=@@FOREIGN_KEY_CHECKS, FOREIGN_KEY_CHECKS=0;
SET @OLD_SQL_MODE=@@SQL_MODE, SQL_MODE='ONLY_FULL_GROUP_BY,STRICT_TRANS_TABLES,NO_ZERO_IN_DATE,NO_ZERO_DATE,ERROR_FOR_DIVISION_BY_ZERO,NO_ENGINE_SUBSTITUTION';

-- -----------------------------------------------------
-- Schema Respostas_IFSP
-- -----------------------------------------------------
DROP SCHEMA IF EXISTS `Respostas_IFSP` ;

-- -----------------------------------------------------
-- Schema Respostas_IFSP
-- -----------------------------------------------------
CREATE SCHEMA IF NOT EXISTS `Respostas_IFSP` DEFAULT CHARACTER SET utf8 ;
USE `Respostas_IFSP` ;

-- -----------------------------------------------------
-- Table `Respostas_IFSP`.`Usuario`
-- -----------------------------------------------------
DROP TABLE IF EXISTS `Respostas_IFSP`.`Usuario` ;

CREATE TABLE IF NOT EXISTS `Respostas_IFSP`.`Usuario` (
  `Prontuario` INT NOT NULL,
  `Nome` VARCHAR(100) NOT NULL,
  `Email` VARCHAR(100) NOT NULL,
  `Senha` VARCHAR(64) NOT NULL,
  `Tipo` ENUM('Aluno', 'Professor', 'Monitor') NOT NULL,
  PRIMARY KEY (`Prontuario`))
ENGINE = InnoDB;

INSERT INTO `Respostas_IFSP`.`Usuario` (`Prontuario`,`Nome`, `Email`,`Senha`, `Tipo`) VALUES ('1851021', 'Mariana Souza Santos', 'mariana.ms755@gmail.com', 'aabbccdd', 'Monitor');
INSERT INTO `Respostas_IFSP`.`Usuario` (`Prontuario`,`Nome`, `Email`,`Senha`, `Tipo`) VALUES ('1852841', 'Larissa Yumi Ohashi', 'lariyumi92@gmail.com', 'aabbccdd', 'Monitor');
INSERT INTO `Respostas_IFSP`.`Usuario` (`Prontuario`,`Nome`, `Email`,`Senha`, `Tipo`) VALUES ('1857461', 'Miguel Miranda', 'miguelmiranda2249@gmail.com', 'aabbccdd', 'Monitor');
INSERT INTO `Respostas_IFSP`.`Usuario` (`Prontuario`,`Nome`, `Email`,`Senha`, `Tipo`) VALUES ('1756731', 'Vitor Luis', 'vitorluispolo@gmail.com', 'aabbccdd', 'Monitor');

select * from `Respostas_IFSP`.`Usuario`;

-- -----------------------------------------------------
-- Table `Respostas_IFSP`.`Materia`
-- -----------------------------------------------------
DROP TABLE IF EXISTS `Respostas_IFSP`.`Materia` ;

CREATE TABLE IF NOT EXISTS `Respostas_IFSP`.`Materia` (
  `Id` SMALLINT NOT NULL,
  `Nome` VARCHAR(45) NOT NULL,
  PRIMARY KEY (`Id`))
ENGINE = InnoDB;

INSERT INTO `Respostas_IFSP`.`Materia` (`Id`, `Nome`) VALUES (1, 'Matemática');
INSERT INTO `Respostas_IFSP`.`Materia` (`Id`, `Nome`) VALUES (2, 'Biologia');
INSERT INTO `Respostas_IFSP`.`Materia` (`Id`, `Nome`) VALUES (3, 'Geografia');
INSERT INTO `Respostas_IFSP`.`Materia` (`Id`, `Nome`) VALUES (4, 'História');
INSERT INTO `Respostas_IFSP`.`Materia` (`Id`, `Nome`) VALUES (5, 'Português');
INSERT INTO `Respostas_IFSP`.`Materia` (`Id`, `Nome`) VALUES (6, 'Física');
INSERT INTO `Respostas_IFSP`.`Materia` (`Id`, `Nome`) VALUES (7, 'Química');
INSERT INTO `Respostas_IFSP`.`Materia` (`Id`, `Nome`) VALUES (8, 'Sociologia');
INSERT INTO `Respostas_IFSP`.`Materia` (`Id`, `Nome`) VALUES (9, 'Inglês');
INSERT INTO `Respostas_IFSP`.`Materia` (`Id`, `Nome`) VALUES (10, 'Filosofia');

-- -----------------------------------------------------
-- Table `Respostas_IFSP`.`Duvida`
-- -----------------------------------------------------
DROP TABLE IF EXISTS `Respostas_IFSP`.`Duvida` ;

CREATE TABLE IF NOT EXISTS `Respostas_IFSP`.`Duvida` (
  `Id` INT NOT NULL AUTO_INCREMENT,
  `Duvida` LONGTEXT NOT NULL,
  `Usuario_Prontuario` INT NOT NULL,
  `Materia_Id` SMALLINT NOT NULL,
  PRIMARY KEY (`Id`),
  INDEX `fk_Dúvida_Usuario1_idx` (`Usuario_Prontuario` ASC) VISIBLE,
  INDEX `fk_Duvida_Materia1_idx` (`Materia_Id` ASC) VISIBLE,
  CONSTRAINT `fk_Dúvida_Usuario1`
    FOREIGN KEY (`Usuario_Prontuario`)
    REFERENCES `Respostas_IFSP`.`Usuario` (`Prontuario`)
    ON DELETE NO ACTION
    ON UPDATE NO ACTION,
  CONSTRAINT `fk_Duvida_Materia1`
    FOREIGN KEY (`Materia_Id`)
    REFERENCES `Respostas_IFSP`.`Materia` (`Id`)
    ON DELETE NO ACTION
    ON UPDATE NO ACTION)
ENGINE = InnoDB;


-- -----------------------------------------------------
-- Table `Respostas_IFSP`.`Prova`
-- -----------------------------------------------------
DROP TABLE IF EXISTS `Respostas_IFSP`.`Prova` ;

CREATE TABLE IF NOT EXISTS `Respostas_IFSP`.`Prova` (
  `Id` INT NOT NULL AUTO_INCREMENT,
  `Usuario_Prontuario` INT NOT NULL,
  `Materia_Id` SMALLINT NOT NULL,
  PRIMARY KEY (`Id`),
  INDEX `fk_Prova_Usuario1_idx` (`Usuario_Prontuario` ASC) VISIBLE,
  INDEX `fk_Prova_Materia1_idx` (`Materia_Id` ASC) VISIBLE,
  CONSTRAINT `fk_Prova_Usuario1`
    FOREIGN KEY (`Usuario_Prontuario`)
    REFERENCES `Respostas_IFSP`.`Usuario` (`Prontuario`)
    ON DELETE NO ACTION
    ON UPDATE NO ACTION,
  CONSTRAINT `fk_Prova_Materia1`
    FOREIGN KEY (`Materia_Id`)
    REFERENCES `Respostas_IFSP`.`Materia` (`Id`)
    ON DELETE NO ACTION
    ON UPDATE NO ACTION)
ENGINE = InnoDB;


-- -----------------------------------------------------
-- Table `Respostas_IFSP`.`Tema`
-- -----------------------------------------------------
DROP TABLE IF EXISTS `Respostas_IFSP`.`Tema` ;

CREATE TABLE IF NOT EXISTS `Respostas_IFSP`.`Tema` (
  `Id` SMALLINT NOT NULL,
  `Tema` VARCHAR(100) NOT NULL,
  PRIMARY KEY (`Id`))
ENGINE = InnoDB;

/*Matemática*/
INSERT INTO `Respostas_IFSP`.`Tema` (`Id`, `Tema`) VALUES (1, 'Conjuntos');
INSERT INTO `Respostas_IFSP`.`Tema` (`Id`, `Tema`) VALUES (2, 'Leis do seno e cosseno');
INSERT INTO `Respostas_IFSP`.`Tema` (`Id`, `Tema`)  VALUES (3, 'Funções afim e suas
 representações');
INSERT INTO `Respostas_IFSP`.`Tema` (`Id`, `Tema`) VALUES (4, 'Sistemas de duas equações');
INSERT INTO `Respostas_IFSP`.`Tema` (`Id`, `Tema`) VALUES (5, 'Equações e inequações
do 1º grau');
INSERT INTO `Respostas_IFSP`.`Tema` (`Id`, `Tema`) VALUES (6, ' Equações
do 2º grau');
INSERT INTO `Respostas_IFSP`.`Tema` (`Id`, `Tema`) VALUES (7, 'Inequação do 2º grau');
INSERT INTO `Respostas_IFSP`.`Tema` (`Id`, `Tema`) VALUES (8, 'Função quadrática e
 suas Representações');
INSERT INTO `Respostas_IFSP`.`Tema` (`Id`, `Tema`) VALUES (9, ' Função Modular, Gráfico, Equações e Inequações');
INSERT INTO `Respostas_IFSP`.`Tema` (`Id`, `Tema`) VALUES (10, 'Teorema de Pitágoras ');
INSERT INTO `Respostas_IFSP`.`Tema` (`Id`, `Tema`) VALUES (11, 'Função exponencial e
suas representações');
INSERT INTO `Respostas_IFSP`.`Tema` (`Id`, `Tema`) VALUES (12, 'Função Logarítmica');

/*Biologia*/
INSERT INTO `Respostas_IFSP`.`Tema` (`Id`, `Tema`) VALUES (13, 'Origem e formação dos
seres vivos');
INSERT INTO `Respostas_IFSP`.`Tema` (`Id`, `Tema`) VALUES (14, 'Hipóteses sobre a origem da
vida e a vida primitiva');
INSERT INTO `Respostas_IFSP`.`Tema` (`Id`, `Tema`) VALUES (15, 'Ecossistema');
INSERT INTO `Respostas_IFSP`.`Tema` (`Id`, `Tema`) VALUES (16, 'Cadeia alimentar');
INSERT INTO `Respostas_IFSP`.`Tema` (`Id`, `Tema`) VALUES (17, 'Relações ecológicas');
INSERT INTO `Respostas_IFSP`.`Tema` (`Id`, `Tema`) VALUES (18, 'Ciclos biogeoquímicos');
INSERT INTO `Respostas_IFSP`.`Tema` (`Id`, `Tema`) VALUES (19, 'Biomas');
INSERT INTO `Respostas_IFSP`.`Tema` (`Id`, `Tema`) VALUES (20, 'Ciclagem de Matéria e
Energia');
INSERT INTO `Respostas_IFSP`.`Tema` (`Id`, `Tema`) VALUES (21, 'Química celular');

/*Geografia*/
INSERT INTO `Respostas_IFSP`.`Tema` (`Id`, `Tema`) VALUES (22, 'Noções de cartografia');
INSERT INTO `Respostas_IFSP`.`Tema` (`Id`, `Tema`) VALUES (23, 'Sistemas Naturais e Transformações');
INSERT INTO `Respostas_IFSP`.`Tema` (`Id`, `Tema`) VALUES (24, 'Problemas ambientais do meio rural e dos centros urbanos');
INSERT INTO `Respostas_IFSP`.`Tema` (`Id`, `Tema`) VALUES (25, 'Colapso do capitalismo estatal');
INSERT INTO `Respostas_IFSP`.`Tema` (`Id`, `Tema`) VALUES (26, 'Mundo multipolar');
INSERT INTO `Respostas_IFSP`.`Tema` (`Id`, `Tema`) VALUES (27, 'Noções de globalização');
INSERT INTO `Respostas_IFSP`.`Tema` (`Id`, `Tema`) VALUES (28, 'Urbanização');
INSERT INTO `Respostas_IFSP`.`Tema` (`Id`, `Tema`) VALUES (29, 'Relevos');
INSERT INTO `Respostas_IFSP`.`Tema` (`Id`, `Tema`) VALUES (30, 'Climatologia');


/*História*/
INSERT INTO `Respostas_IFSP`.`Tema` (`Id`, `Tema`) VALUES (31, 'Mundo Antigo');
INSERT INTO `Respostas_IFSP`.`Tema` (`Id`, `Tema`) VALUES (32, 'Mundo Asiático');
INSERT INTO `Respostas_IFSP`.`Tema` (`Id`, `Tema`) VALUES (33, 'Mundo Grego');
INSERT INTO `Respostas_IFSP`.`Tema` (`Id`, `Tema`) VALUES (34, 'Mundo Romano');
INSERT INTO `Respostas_IFSP`.`Tema` (`Id`, `Tema`) VALUES (35, 'Mundo Medieval');
INSERT INTO `Respostas_IFSP`.`Tema` (`Id`, `Tema`) VALUES (36, 'Absolutismo');
INSERT INTO `Respostas_IFSP`.`Tema` (`Id`, `Tema`) VALUES (37, 'Renascimento');
INSERT INTO `Respostas_IFSP`.`Tema` (`Id`, `Tema`) VALUES (38, 'Mercantilismo');

/*Português*/
INSERT INTO `Respostas_IFSP`.`Tema` (`Id`, `Tema`) VALUES (39, 'Ortografia');
INSERT INTO `Respostas_IFSP`.`Tema` (`Id`, `Tema`) VALUES (40, 'Descritivo');
INSERT INTO `Respostas_IFSP`.`Tema` (`Id`, `Tema`) VALUES (41, 'Narrativo');
INSERT INTO `Respostas_IFSP`.`Tema` (`Id`, `Tema`) VALUES (42, 'Dissertativo');
INSERT INTO `Respostas_IFSP`.`Tema` (`Id`, `Tema`) VALUES (43, 'Trovadorismo');
INSERT INTO `Respostas_IFSP`.`Tema` (`Id`, `Tema`) VALUES (44, 'Literatura Brasileira');
INSERT INTO `Respostas_IFSP`.`Tema` (`Id`, `Tema`) VALUES (45, 'Humanismo');
INSERT INTO `Respostas_IFSP`.`Tema` (`Id`, `Tema`) VALUES (46, 'Escolas Literárias');

/*Física*/
INSERT INTO `Respostas_IFSP`.`Tema` (`Id`, `Tema`) VALUES (47, 'Conceitos básicos da cinemática');
INSERT INTO `Respostas_IFSP`.`Tema` (`Id`, `Tema`) VALUES (48, 'Energia cinética, potencial e mecânica');
INSERT INTO `Respostas_IFSP`.`Tema` (`Id`, `Tema`) VALUES (49, 'Trabalho');
INSERT INTO `Respostas_IFSP`.`Tema` (`Id`, `Tema`) VALUES (50, 'Leis de Newton');
INSERT INTO `Respostas_IFSP`.`Tema` (`Id`, `Tema`) VALUES (51, 'Forças');
INSERT INTO `Respostas_IFSP`.`Tema` (`Id`, `Tema`) VALUES (52, 'Escalas Termométricas');
INSERT INTO `Respostas_IFSP`.`Tema` (`Id`, `Tema`) VALUES (53, 'Calorimetria');
INSERT INTO `Respostas_IFSP`.`Tema` (`Id`, `Tema`) VALUES (54, 'Matriz energética');

/*Química*/
INSERT INTO `Respostas_IFSP`.`Tema` (`Id`, `Tema`) VALUES (55, 'Substâncias e Transformações');
INSERT INTO `Respostas_IFSP`.`Tema` (`Id`, `Tema`) VALUES (56, 'Processos de separação de mistura');
INSERT INTO `Respostas_IFSP`.`Tema` (`Id`, `Tema`) VALUES (57, 'Lei de Lavoisier');
INSERT INTO `Respostas_IFSP`.`Tema` (`Id`, `Tema`) VALUES (58, 'Lei de Proust');
INSERT INTO `Respostas_IFSP`.`Tema` (`Id`, `Tema`) VALUES (59, 'Modelos Atômicos');
INSERT INTO `Respostas_IFSP`.`Tema` (`Id`, `Tema`) VALUES (60, 'Neutralização');
INSERT INTO `Respostas_IFSP`.`Tema` (`Id`, `Tema`) VALUES (61, 'Tabela Periódica');
INSERT INTO `Respostas_IFSP`.`Tema` (`Id`, `Tema`) VALUES (62, 'Ácidos, Bases, Sais e Óxidos');
INSERT INTO `Respostas_IFSP`.`Tema` (`Id`, `Tema`) VALUES (63, 'Balanceamento');
INSERT INTO `Respostas_IFSP`.`Tema` (`Id`, `Tema`) VALUES (64, 'Mudanças de estados físicos');
INSERT INTO `Respostas_IFSP`.`Tema` (`Id`, `Tema`) VALUES (65, 'Camadas de valência');

/*Sociologia*/
INSERT INTO `Respostas_IFSP`.`Tema` (`Id`, `Tema`) VALUES (66, 'Karl Marx');
INSERT INTO `Respostas_IFSP`.`Tema` (`Id`, `Tema`) VALUES (67, 'Mais-Valia');
INSERT INTO `Respostas_IFSP`.`Tema` (`Id`, `Tema`) VALUES (68, 'Desigualdade social');
INSERT INTO `Respostas_IFSP`.`Tema` (`Id`, `Tema`) VALUES (69, 'Origem da Sociologia');
INSERT INTO `Respostas_IFSP`.`Tema` (`Id`, `Tema`) VALUES (70, 'Raça e etnia');
INSERT INTO `Respostas_IFSP`.`Tema` (`Id`, `Tema`) VALUES (71, 'Capitalismo');
INSERT INTO `Respostas_IFSP`.`Tema` (`Id`, `Tema`) VALUES (72, 'Socialismo');

/*Inglês*/
INSERT INTO `Respostas_IFSP`.`Tema` (`Id`, `Tema`) VALUES (73, 'Article');
INSERT INTO `Respostas_IFSP`.`Tema` (`Id`, `Tema`) VALUES (74, 'Adverb');
INSERT INTO `Respostas_IFSP`.`Tema` (`Id`, `Tema`) VALUES (75, 'Pronouns');
INSERT INTO `Respostas_IFSP`.`Tema` (`Id`, `Tema`) VALUES (76, 'Simple Present');
INSERT INTO `Respostas_IFSP`.`Tema` (`Id`, `Tema`) VALUES (77, 'Simple Past');
INSERT INTO `Respostas_IFSP`.`Tema` (`Id`, `Tema`) VALUES (78, 'Past Continuous');
INSERT INTO `Respostas_IFSP`.`Tema` (`Id`, `Tema`) VALUES (79, 'Verb to be');

/*Filosofia*/
INSERT INTO `Respostas_IFSP`.`Tema` (`Id`, `Tema`) VALUES (80, 'Período Pré-Socratico');
INSERT INTO `Respostas_IFSP`.`Tema` (`Id`, `Tema`) VALUES (81, 'Período Sócratico');
INSERT INTO `Respostas_IFSP`.`Tema` (`Id`, `Tema`) VALUES (82, 'Período Sistemáticos');
INSERT INTO `Respostas_IFSP`.`Tema` (`Id`, `Tema`) VALUES (83, 'Período Helenístico');
INSERT INTO `Respostas_IFSP`.`Tema` (`Id`, `Tema`) VALUES (84, 'Platão');
INSERT INTO `Respostas_IFSP`.`Tema` (`Id`, `Tema`) VALUES (85, 'Aristóteles');
INSERT INTO `Respostas_IFSP`.`Tema` (`Id`, `Tema`) VALUES (86, 'Falácias');
INSERT INTO `Respostas_IFSP`.`Tema` (`Id`, `Tema`) VALUES (87, 'Dedução e indução');

-- -----------------------------------------------------
-- Table `Respostas_IFSP`.`Materia_has_Tema`
-- -----------------------------------------------------
DROP TABLE IF EXISTS `Respostas_IFSP`.`Materia_has_Tema` ;

CREATE TABLE IF NOT EXISTS `Respostas_IFSP`.`Materia_has_Tema` (
  `Materia_Id` SMALLINT NOT NULL,
  `Tema_Id` SMALLINT NOT NULL,
  PRIMARY KEY (`Materia_Id`, `Tema_Id`),
  INDEX `fk_Materia_has_Tema_Tema1_idx` (`Tema_Id` ASC) VISIBLE,
  INDEX `fk_Materia_has_Tema_Materia1_idx` (`Materia_Id` ASC) VISIBLE,
  CONSTRAINT `fk_Materia_has_Tema_Materia1`
    FOREIGN KEY (`Materia_Id`)
    REFERENCES `Respostas_IFSP`.`Materia` (`Id`)
    ON DELETE NO ACTION
    ON UPDATE NO ACTION,
  CONSTRAINT `fk_Materia_has_Tema_Tema1`
    FOREIGN KEY (`Tema_Id`)
    REFERENCES `Respostas_IFSP`.`Tema` (`Id`)
    ON DELETE NO ACTION
    ON UPDATE NO ACTION)
ENGINE = InnoDB;

INSERT INTO `Respostas_IFSP`.`Materia_has_Tema` (`Materia_Id`, `Tema_Id`) VALUES (1, 1);
INSERT INTO `Respostas_IFSP`.`Materia_has_Tema` (`Materia_Id`, `Tema_Id`) VALUES (1, 2);
INSERT INTO `Respostas_IFSP`.`Materia_has_Tema` (`Materia_Id`, `Tema_Id`) VALUES (1, 3);
INSERT INTO `Respostas_IFSP`.`Materia_has_Tema` (`Materia_Id`, `Tema_Id`) VALUES (1, 4);
INSERT INTO `Respostas_IFSP`.`Materia_has_Tema` (`Materia_Id`, `Tema_Id`) VALUES (1, 5);
INSERT INTO `Respostas_IFSP`.`Materia_has_Tema` (`Materia_Id`, `Tema_Id`) VALUES (1, 6);
INSERT INTO `Respostas_IFSP`.`Materia_has_Tema` (`Materia_Id`, `Tema_Id`) VALUES (1, 7);
INSERT INTO `Respostas_IFSP`.`Materia_has_Tema` (`Materia_Id`, `Tema_Id`) VALUES (1, 8);
INSERT INTO `Respostas_IFSP`.`Materia_has_Tema` (`Materia_Id`, `Tema_Id`) VALUES (1, 9);
INSERT INTO `Respostas_IFSP`.`Materia_has_Tema` (`Materia_Id`, `Tema_Id`) VALUES (1, 10);
INSERT INTO `Respostas_IFSP`.`Materia_has_Tema` (`Materia_Id`, `Tema_Id`) VALUES (1, 11);
INSERT INTO `Respostas_IFSP`.`Materia_has_Tema` (`Materia_Id`, `Tema_Id`) VALUES (1, 12);
INSERT INTO `Respostas_IFSP`.`Materia_has_Tema` (`Materia_Id`, `Tema_Id`) VALUES (2, 13);
INSERT INTO `Respostas_IFSP`.`Materia_has_Tema` (`Materia_Id`, `Tema_Id`) VALUES (2, 14);
INSERT INTO `Respostas_IFSP`.`Materia_has_Tema` (`Materia_Id`, `Tema_Id`) VALUES (2, 15);
INSERT INTO `Respostas_IFSP`.`Materia_has_Tema` (`Materia_Id`, `Tema_Id`) VALUES (2, 16);
INSERT INTO `Respostas_IFSP`.`Materia_has_Tema` (`Materia_Id`, `Tema_Id`) VALUES (2, 17);
INSERT INTO `Respostas_IFSP`.`Materia_has_Tema` (`Materia_Id`, `Tema_Id`) VALUES (2, 18);
INSERT INTO `Respostas_IFSP`.`Materia_has_Tema` (`Materia_Id`, `Tema_Id`) VALUES (2, 19);
INSERT INTO `Respostas_IFSP`.`Materia_has_Tema` (`Materia_Id`, `Tema_Id`) VALUES (2, 20);
INSERT INTO `Respostas_IFSP`.`Materia_has_Tema` (`Materia_Id`, `Tema_Id`) VALUES (2, 21);
INSERT INTO `Respostas_IFSP`.`Materia_has_Tema` (`Materia_Id`, `Tema_Id`) VALUES (3, 22);
INSERT INTO `Respostas_IFSP`.`Materia_has_Tema` (`Materia_Id`, `Tema_Id`) VALUES (3, 23);
INSERT INTO `Respostas_IFSP`.`Materia_has_Tema` (`Materia_Id`, `Tema_Id`) VALUES (3, 24);
INSERT INTO `Respostas_IFSP`.`Materia_has_Tema` (`Materia_Id`, `Tema_Id`) VALUES (3, 25);
INSERT INTO `Respostas_IFSP`.`Materia_has_Tema` (`Materia_Id`, `Tema_Id`) VALUES (3, 26);
INSERT INTO `Respostas_IFSP`.`Materia_has_Tema` (`Materia_Id`, `Tema_Id`) VALUES (3, 27);
INSERT INTO `Respostas_IFSP`.`Materia_has_Tema` (`Materia_Id`, `Tema_Id`) VALUES (3, 28);
INSERT INTO `Respostas_IFSP`.`Materia_has_Tema` (`Materia_Id`, `Tema_Id`) VALUES (3, 29);
INSERT INTO `Respostas_IFSP`.`Materia_has_Tema` (`Materia_Id`, `Tema_Id`) VALUES (3, 30);
INSERT INTO `Respostas_IFSP`.`Materia_has_Tema` (`Materia_Id`, `Tema_Id`) VALUES (4, 31);
INSERT INTO `Respostas_IFSP`.`Materia_has_Tema` (`Materia_Id`, `Tema_Id`) VALUES (4, 32);
INSERT INTO `Respostas_IFSP`.`Materia_has_Tema` (`Materia_Id`, `Tema_Id`) VALUES (4, 33);
INSERT INTO `Respostas_IFSP`.`Materia_has_Tema` (`Materia_Id`, `Tema_Id`) VALUES (4, 34);
INSERT INTO `Respostas_IFSP`.`Materia_has_Tema` (`Materia_Id`, `Tema_Id`) VALUES (4, 35);
INSERT INTO `Respostas_IFSP`.`Materia_has_Tema` (`Materia_Id`, `Tema_Id`) VALUES (4, 36);
INSERT INTO `Respostas_IFSP`.`Materia_has_Tema` (`Materia_Id`, `Tema_Id`) VALUES (4, 37);
INSERT INTO `Respostas_IFSP`.`Materia_has_Tema` (`Materia_Id`, `Tema_Id`) VALUES (4, 38);
INSERT INTO `Respostas_IFSP`.`Materia_has_Tema` (`Materia_Id`, `Tema_Id`) VALUES (5, 39);
INSERT INTO `Respostas_IFSP`.`Materia_has_Tema` (`Materia_Id`, `Tema_Id`) VALUES (5, 40);
INSERT INTO `Respostas_IFSP`.`Materia_has_Tema` (`Materia_Id`, `Tema_Id`) VALUES (5, 41);
INSERT INTO `Respostas_IFSP`.`Materia_has_Tema` (`Materia_Id`, `Tema_Id`) VALUES (5, 42);
INSERT INTO `Respostas_IFSP`.`Materia_has_Tema` (`Materia_Id`, `Tema_Id`) VALUES (5, 43);
INSERT INTO `Respostas_IFSP`.`Materia_has_Tema` (`Materia_Id`, `Tema_Id`) VALUES (5, 44);
INSERT INTO `Respostas_IFSP`.`Materia_has_Tema` (`Materia_Id`, `Tema_Id`) VALUES (5, 45);
INSERT INTO `Respostas_IFSP`.`Materia_has_Tema` (`Materia_Id`, `Tema_Id`) VALUES (5, 46);
INSERT INTO `Respostas_IFSP`.`Materia_has_Tema` (`Materia_Id`, `Tema_Id`) VALUES (6, 47);
INSERT INTO `Respostas_IFSP`.`Materia_has_Tema` (`Materia_Id`, `Tema_Id`) VALUES (6, 48);
INSERT INTO `Respostas_IFSP`.`Materia_has_Tema` (`Materia_Id`, `Tema_Id`) VALUES (6, 49);
INSERT INTO `Respostas_IFSP`.`Materia_has_Tema` (`Materia_Id`, `Tema_Id`) VALUES (6, 50);
INSERT INTO `Respostas_IFSP`.`Materia_has_Tema` (`Materia_Id`, `Tema_Id`) VALUES (6, 51);
INSERT INTO `Respostas_IFSP`.`Materia_has_Tema` (`Materia_Id`, `Tema_Id`) VALUES (6, 52);
INSERT INTO `Respostas_IFSP`.`Materia_has_Tema` (`Materia_Id`, `Tema_Id`) VALUES (6, 53);
INSERT INTO `Respostas_IFSP`.`Materia_has_Tema` (`Materia_Id`, `Tema_Id`) VALUES (6, 54);
INSERT INTO `Respostas_IFSP`.`Materia_has_Tema` (`Materia_Id`, `Tema_Id`) VALUES (7, 55);
INSERT INTO `Respostas_IFSP`.`Materia_has_Tema` (`Materia_Id`, `Tema_Id`) VALUES (7, 56);
INSERT INTO `Respostas_IFSP`.`Materia_has_Tema` (`Materia_Id`, `Tema_Id`) VALUES (7, 57);
INSERT INTO `Respostas_IFSP`.`Materia_has_Tema` (`Materia_Id`, `Tema_Id`) VALUES (7, 58);
INSERT INTO `Respostas_IFSP`.`Materia_has_Tema` (`Materia_Id`, `Tema_Id`) VALUES (7, 59);
INSERT INTO `Respostas_IFSP`.`Materia_has_Tema` (`Materia_Id`, `Tema_Id`) VALUES (7, 60);
INSERT INTO `Respostas_IFSP`.`Materia_has_Tema` (`Materia_Id`, `Tema_Id`) VALUES (7, 61);
INSERT INTO `Respostas_IFSP`.`Materia_has_Tema` (`Materia_Id`, `Tema_Id`) VALUES (7, 62);
INSERT INTO `Respostas_IFSP`.`Materia_has_Tema` (`Materia_Id`, `Tema_Id`) VALUES (7, 63);
INSERT INTO `Respostas_IFSP`.`Materia_has_Tema` (`Materia_Id`, `Tema_Id`) VALUES (7, 64);
INSERT INTO `Respostas_IFSP`.`Materia_has_Tema` (`Materia_Id`, `Tema_Id`) VALUES (7, 65);
INSERT INTO `Respostas_IFSP`.`Materia_has_Tema` (`Materia_Id`, `Tema_Id`) VALUES (8, 66);
INSERT INTO `Respostas_IFSP`.`Materia_has_Tema` (`Materia_Id`, `Tema_Id`) VALUES (8, 67);
INSERT INTO `Respostas_IFSP`.`Materia_has_Tema` (`Materia_Id`, `Tema_Id`) VALUES (8, 68);
INSERT INTO `Respostas_IFSP`.`Materia_has_Tema` (`Materia_Id`, `Tema_Id`) VALUES (8, 69);
INSERT INTO `Respostas_IFSP`.`Materia_has_Tema` (`Materia_Id`, `Tema_Id`) VALUES (8, 70);
INSERT INTO `Respostas_IFSP`.`Materia_has_Tema` (`Materia_Id`, `Tema_Id`) VALUES (8, 71);
INSERT INTO `Respostas_IFSP`.`Materia_has_Tema` (`Materia_Id`, `Tema_Id`) VALUES (8, 72);
INSERT INTO `Respostas_IFSP`.`Materia_has_Tema` (`Materia_Id`, `Tema_Id`) VALUES (9, 73);
INSERT INTO `Respostas_IFSP`.`Materia_has_Tema` (`Materia_Id`, `Tema_Id`) VALUES (9, 74);
INSERT INTO `Respostas_IFSP`.`Materia_has_Tema` (`Materia_Id`, `Tema_Id`) VALUES (9, 75);
INSERT INTO `Respostas_IFSP`.`Materia_has_Tema` (`Materia_Id`, `Tema_Id`) VALUES (9, 76);
INSERT INTO `Respostas_IFSP`.`Materia_has_Tema` (`Materia_Id`, `Tema_Id`) VALUES (9, 77);
INSERT INTO `Respostas_IFSP`.`Materia_has_Tema` (`Materia_Id`, `Tema_Id`) VALUES (9, 78);
INSERT INTO `Respostas_IFSP`.`Materia_has_Tema` (`Materia_Id`, `Tema_Id`) VALUES (9, 79);
INSERT INTO `Respostas_IFSP`.`Materia_has_Tema` (`Materia_Id`, `Tema_Id`) VALUES (10, 80);
INSERT INTO `Respostas_IFSP`.`Materia_has_Tema` (`Materia_Id`, `Tema_Id`) VALUES (10, 81);
INSERT INTO `Respostas_IFSP`.`Materia_has_Tema` (`Materia_Id`, `Tema_Id`) VALUES (10, 82);
INSERT INTO `Respostas_IFSP`.`Materia_has_Tema` (`Materia_Id`, `Tema_Id`) VALUES (10, 83);
INSERT INTO `Respostas_IFSP`.`Materia_has_Tema` (`Materia_Id`, `Tema_Id`) VALUES (10, 84);
INSERT INTO `Respostas_IFSP`.`Materia_has_Tema` (`Materia_Id`, `Tema_Id`) VALUES (10, 85);
INSERT INTO `Respostas_IFSP`.`Materia_has_Tema` (`Materia_Id`, `Tema_Id`) VALUES (10, 86);
INSERT INTO `Respostas_IFSP`.`Materia_has_Tema` (`Materia_Id`, `Tema_Id`) VALUES (10, 87);


-- -----------------------------------------------------
-- Table `Respostas_IFSP`.`Pergunta`
-- -----------------------------------------------------
DROP TABLE IF EXISTS `Respostas_IFSP`.`Pergunta` ;

CREATE TABLE IF NOT EXISTS `Respostas_IFSP`.`Pergunta` (
  `Id` INT NOT NULL,
  `Texto` LONGTEXT NOT NULL,
  `Materia_Id` SMALLINT NOT NULL,
  `Tema_Id` SMALLINT NOT NULL,
  PRIMARY KEY (`Id`),
  INDEX `fk_Pergunta_Materia_has_Tema1_idx` (`Materia_Id` ASC, `Tema_Id` ASC) VISIBLE,
  CONSTRAINT `fk_Pergunta_Materia_has_Tema1`
    FOREIGN KEY (`Materia_Id` , `Tema_Id`)
    REFERENCES `Respostas_IFSP`.`Materia_has_Tema` (`Materia_Id` , `Tema_Id`)
    ON DELETE NO ACTION
    ON UPDATE NO ACTION)
ENGINE = InnoDB;

INSERT INTO `Respostas_IFSP`.`Pergunta` (`Id`, `Texto`, `Materia_Id`, `Tema_Id`) VALUES (1, '(Ufpr) Considerando as teorias mais aceitas atualmente para a origem da vida e o início da história dos seres vivos, considere as seguintes afirmativas:
1. A simbiose teve papel relevante na origem dos eucariontes. 
2. A diversidade de funções desempenhadas pelo RNA leva a crer que este tenha sido precursor do DNA. 
3. Organismos multicelulares, como as plantas, foram responsáveis pelo início do grande aumento da concentração de oxigênio na atmosfera terrestre. 
4. A existência do oxigênio na atmosfera terrestre foi imprescindível para o surgimento da vida. 
Assinale a alternativa correta', 2, 13);
INSERT INTO `Respostas_IFSP`.`Pergunta` (`Id`, `Texto`, `Materia_Id`, `Tema_Id`) VALUES (2, '(UNIFAL/2008) Do início da vida na Terra, até o aparecimento dos seres vivos atuais, aconteceram vários eventos, como por exemplo:

I – formação das primeiras células;
II – formação de moléculas orgânicas complexas;
III – aparecimento de organismos capazes de produzir alimentos pela fotossíntese;
IV – surgimento dos primeiros organismos aeróbicos.

Marque a alternativa que indica a ordem mais aceita, atualmente, para o acontecimento desses eventos.', 2, 13);
INSERT INTO `Respostas_IFSP`.`Pergunta` (`Id`, `Texto`, `Materia_Id`, `Tema_Id`) VALUES (3, '(UFC/2009) A definição de vida é motivo de muitos debates. Segundo a Biologia, o início da vida na Terra deu-se com:', 2, 13);
INSERT INTO `Respostas_IFSP`.`Pergunta` (`Id`, `Texto`, `Materia_Id`, `Tema_Id`) VALUES (4, 'A origem da vida é explicada por diferentes teorias. Em uma delas, sugere-se que a vida surgiu devido à presença de gases na atmosfera que sofreram a ação de descargas elétricas e radiações, fazendo com que moléculas inorgânicas dessem origem a moléculas orgânicas. Essa ideia é conhecida como:', 2, 14);
INSERT INTO `Respostas_IFSP`.`Pergunta` (`Id`, `Texto`, `Materia_Id`, `Tema_Id`) VALUES (5, '(Unicentro) São muitas as discussões sobre a origem da vida no planeta Terra. Os estudos sobre o assunto evidenciam a importância dos avanços tecnológicos e das pesquisas para o aprimoramento das hipóteses sobre a origem da vida. Porém, após alguns séculos de estudos, apesar de consideráveis avanços, ainda existem muitas perguntas sem respostas. Sobre as principais teorias da origem da vida, pode-se afirmar:', 2, 14);
INSERT INTO `Respostas_IFSP`.`Pergunta` (`Id`, `Texto`, `Materia_Id`, `Tema_Id`) VALUES (6, 'Analise as alternativas abaixo e marque aquela que indica corretamente o nome da teoria que defende que a vida surgiu no planeta a partir de organismos provenientes de outras partes do universo', 2, 14);
INSERT INTO `Respostas_IFSP`.`Pergunta` (`Id`, `Texto`, `Materia_Id`, `Tema_Id`) VALUES (7, '(Fuvest-SP) - 
I. As Florestas Tropicais possuem maior diversidade biológica que as Temperadas. 
II. As Florestas Tropicais possuem maior diversidade vegetal e menor diversidade animal que as Savanas. 
III. As Florestas Temperadas possuem maior biomassa que a Tundra. 
IV. As Savanas possuem maior biomassa que as Florestas Tropicais. 
Está CORRETO apenas o que se afirma em ', 2, 19);
INSERT INTO `Respostas_IFSP`.`Pergunta` (`Id`, `Texto`, `Materia_Id`, `Tema_Id`) VALUES (8, 'Marque a alternativa incorreta:', 2, 15);
INSERT INTO `Respostas_IFSP`.`Pergunta` (`Id`, `Texto`, `Materia_Id`, `Tema_Id`) VALUES (9, '(Unicentro) O Manguezal é um ecossistema costeiro que ocorre entre os ambientes terrestre e marítimo, característico de regiões tropicais e subtropicais, sujeito à inundação das marés. O manguezal se enquadra no conceito de ecossistema por:', 2, 15);
INSERT INTO `Respostas_IFSP`.`Pergunta` (`Id`, `Texto`, `Materia_Id`, `Tema_Id`) VALUES (10, 'Considerando os níveis de organização biológica, os ecossistemas estão localizados, do nível mais específico para o mais amplo', 2, 15);
INSERT INTO `Respostas_IFSP`.`Pergunta` (`Id`, `Texto`, `Materia_Id`, `Tema_Id`) VALUES (11, 'As cadeias alimentares mostram as relações de alimentação observadas em um ecossistema. Sobre as cadeias alimentares, marque a alternativa correta.', 2, 16);
INSERT INTO `Respostas_IFSP`.`Pergunta` (`Id`, `Texto`, `Materia_Id`, `Tema_Id`) VALUES (12, 'Sobre os diferentes níveis tróficos observados em cadeias e teias alimentares, marque a alternativa incorreta', 2, 16);
INSERT INTO `Respostas_IFSP`.`Pergunta` (`Id`, `Texto`, `Materia_Id`, `Tema_Id`) VALUES (13, '(Udesc) Analise as proposições abaixo, a respeito da energia nos ecossistemas.

I. Organismos fotossintetizantes (como algas e plantas) são capazes de capturar a energia luminosa do Sol e convertê-la em energia química, que fica armazenada nas moléculas das substâncias orgânicas. Este processo é chamado de fotossíntese.

II. Em uma cadeia alimentar, a quantidade de energia de um nível trófico é sempre maior que a energia que pode ser transferida ao nível seguinte, uma vez que todos os seres vivos consomem parte da energia do alimento para a manutenção de sua própria vida.

III. A transferência de energia na cadeia alimentar é unidirecional; tem início nos organismos produtores, passa para os consumidores e finaliza com os organismos decompositores.

IV. Os consumidores primários obtêm a energia necessária à sua sobrevivência alimentando-se diretamente dos organismos fotossintetizantes.

V. Os organismos decompositores obtêm a energia necessária à sua sobrevivência através da decomposição da matéria orgânica morta.

Assinale a alternativa correta.', 2, 16);
INSERT INTO `Respostas_IFSP`.`Pergunta` (`Id`, `Texto`, `Materia_Id`, `Tema_Id`) VALUES (14, '(Cesgranrio- RJ) Se duas espécies diferentes ocuparem num mesmo ecossistema o mesmo nicho ecológico, é provável que:', 2, 17);
INSERT INTO `Respostas_IFSP`.`Pergunta` (`Id`, `Texto`, `Materia_Id`, `Tema_Id`) VALUES (15, '(UFC-CE) As esponjas desempenham papéis importantes em muitos habitat marinhos. A natureza porosa das esponjas as torna uma habitação ideal para vários crustáceos, equinodermos e vermes marinhos. Além disso, alguns caramujos e crustáceos têm, tipicamente, esponjas grudadas em suas conchas e carapaças, tornando-os imperceptíveis aos predadores. Nesse caso, a esponja se beneficia por se nutrir de partículas de alimento liberadas durante a alimentação de seu hospedeiro. As relações ecológicas presentes no texto são', 2, 17);
INSERT INTO `Respostas_IFSP`.`Pergunta` (`Id`, `Texto`, `Materia_Id`, `Tema_Id`) VALUES (16, 'Quando temos organismos da mesma espécie que trabalham unidos para o bem do grupo, temos um tipo de relação intraespecífica harmônica. Os agrupamentos que se caracterizam por possuírem divisão de trabalho, sistema de classes e indivíduos que apresentam relativa independência e mobilidade recebem o nome de:', 2, 17);
INSERT INTO `Respostas_IFSP`.`Pergunta` (`Id`, `Texto`, `Materia_Id`, `Tema_Id`) VALUES (17, '(UDESC/2009) Com relação aos ciclos biogeoquímicos, analise as seguintes afirmativas:

I. No ciclo do carbono: as cadeias de carbono formam as moléculas orgânicas através dos seres autotróficos  por meio da fotossíntese, na qual o gás carbônico é absorvido, fixado e transformado em matéria orgânica pelos produtores. O carbono volta ao ambiente através do gás carbônico por meio da respiração.

II. No ciclo do oxigênio: o gás oxigênio é produzido durante a construção de moléculas orgânicas pela respiração e consumido quando essas moléculas são oxidadas na fotossíntese.

III. No ciclo da água: a energia solar possui um papel importante, pois ela permite que a água em estado líquido sofra evaporação. O vapor de água, nas camadas mais altas e frias, condensa-se e forma nuvens que, posteriormente, precipitam-se na forma de chuva, e a água dessa chuva retorna ao solo formando rios, lagos, oceanos ou ainda se infiltrando no solo e formando os lençóis freáticos.

IV. No ciclo do nitrogênio: uma das etapas é a de fixação do nitrogênio, na qual algumas bactérias utilizam o nitrogênio atmosférico e fazem-no reagir com oxigênio para produzir nitrito, que será transformado em amônia no processo de nitrificação.

Assinale a alternativa correta.', 2, 18);
INSERT INTO `Respostas_IFSP`.`Pergunta` (`Id`, `Texto`, `Materia_Id`, `Tema_Id`) VALUES (18, 'Os ciclos biogeoquímicos, também chamados de ciclos da matéria, garantem que os elementos circulem pela natureza. Entre as afirmações a seguir, marque aquela que melhor explica o papel dos decompositores nesses ciclos.', 2, 18);
INSERT INTO `Respostas_IFSP`.`Pergunta` (`Id`, `Texto`, `Materia_Id`, `Tema_Id`) VALUES (19, '(ENEM 2015) Na natureza a matéria é constantemente transformada por meio dos ciclos biogeoquímicos. Além do ciclo da água, existem os ciclos do carbono, do enxofre, do fósforo, do nitrogênio e do oxigênio.
O elemento que está presente em todos os ciclos nomeados é o', 2, 18);
INSERT INTO `Respostas_IFSP`.`Pergunta` (`Id`, `Texto`, `Materia_Id`, `Tema_Id`) VALUES (20, 'Com relação ao tipo de vegetação dos principais biomas mundiais, é INCORRETO afirmar que:', 2, 19);
INSERT INTO `Respostas_IFSP`.`Pergunta` (`Id`, `Texto`, `Materia_Id`, `Tema_Id`) VALUES (21, ' (Fuvest-SP) - 
I. As Florestas Tropicais possuem maior diversidade biológica que as Temperadas. 
II. As Florestas Tropicais possuem maior diversidade vegetal e menor diversidade animal que as Savanas. 
III. As Florestas Temperadas possuem maior biomassa que a Tundra. 
IV. As Savanas possuem maior biomassa que as Florestas Tropicais. 
Está CORRETO apenas o que se afirma em ', 2, 19);
INSERT INTO `Respostas_IFSP`.`Pergunta` (`Id`, `Texto`, `Materia_Id`, `Tema_Id`) VALUES (22, '(Ueg 2013) As transformações, a distribuição e o aproveitamento de energia na natureza apresentam muitas peculiaridades. Dentre elas, destaca-se: ', 2, 20);
INSERT INTO `Respostas_IFSP`.`Pergunta` (`Id`, `Texto`, `Materia_Id`, `Tema_Id`) VALUES (23, 'Em uma cadeia alimentar, os decompositores garantem a ciclagem de nutrientes. Assinale os organismos que atuam na decomposição em um ecossistema.', 2, 20);
INSERT INTO `Respostas_IFSP`.`Pergunta` (`Id`, `Texto`, `Materia_Id`, `Tema_Id`) VALUES (24, 'Leia as afirmativas a seguir:
I. A energia introduzida no ecossistema sob a forma de luz é transformada, passando de organismo para
organismo, sob a forma de energia química.
II. No ﬂuxo energético há perda de energia em cada elo da cadeia alimentar.
III. A transferência de energia na cadeia alimentar é unidirecional, tendo início pela ação dos decompositores.
IV. A energia química armazenada nos compostos orgânicos dos seus produtores é transferida para os demais componentes da cadeia e permanece estável. 
Estão corretas as afirmativas:', 2, 20);
INSERT INTO `Respostas_IFSP`.`Pergunta` (`Id`, `Texto`, `Materia_Id`, `Tema_Id`) VALUES (25, '(Pucrs) O citoplasma celular é composto por organelas dispersas numa solução aquosa denominada citosol. A água, portanto, tem um papel fundamental na célula. Das funções que a água desempenha no citosol, qual NÃO está correta?', 2, 21);
INSERT INTO `Respostas_IFSP`.`Pergunta` (`Id`, `Texto`, `Materia_Id`, `Tema_Id`) VALUES (26, 'São exemplos de moléculas orgânicas encontradas nos seres vivos:', 2, 21);
INSERT INTO `Respostas_IFSP`.`Pergunta` (`Id`, `Texto`, `Materia_Id`, `Tema_Id`) VALUES (27, '(UCPel/2006) Os lipídeos são moléculas apolares que não se dissolvem em solventes polares como a água. Com relação aos lipídeos, podemos afirmar que:
I. são moléculas ideais para o armazenamento de energia por longos períodos.
II. importantes componentes de todas as membranas celulares.
III. estão diretamente ligados à síntese de proteínas
IV. servem como fonte primária de energia.
V. a cutina, a suberina e a celulose são exemplos de lipídeos.
A(s) alternativa(s) correta(s) é(são):', 2, 21);
INSERT INTO `Respostas_IFSP`.`Pergunta` (`Id`, `Texto`, `Materia_Id`, `Tema_Id`) VALUES (28, '(Mackenzie) Foram características econômicas e sociais da Cidade-Estado Esparta, no período Arcaico:', 4, 31);
INSERT INTO `Respostas_IFSP`.`Pergunta` (`Id`, `Texto`, `Materia_Id`, `Tema_Id`) VALUES (29, 'Leia o texto a seguir.Para justificar a ambição grega de hegemonia universal, Aristóteles (384 - 322 a. C.) formulou a hipótese de que certas raças são, por natureza, livres desde o berço, enquanto outras são escravas.COMAS, Juan. Os mitos raciais. Raça e Ciência. São Paulo: Perspectiva, 1960. v. I. p. 13.Essa filosofia racial foi incorporada às campanhas militares de um grande general e líder político que foi aluno de Aristóteles. Seu nome era', 4, 31);


INSERT INTO `Respostas_IFSP`.`Pergunta` (`Id`, `Texto`, `Materia_Id`, `Tema_Id`) VALUES (30, '(FUVEST) Um veículo parte do repouso em movimento retilíneo e acelera com aceleração escalar constante e igual a 2,0 m/s2. Pode-se dizer que sua velocidade escalar e a distância percorrida após 3,0 segundos, valem, respectivamente:', 6, 47 );
INSERT INTO `Respostas_IFSP`.`Pergunta` (`Id`, `Texto`, `Materia_Id`, `Tema_Id`) VALUES (31, '(UFPA) Um ponto material parte do repouso em movimento uniformemente variado e, após percorrer 12 m, está animado de uma velocidade escalar de 6,0 m/s. A aceleração escalar do ponto material, em m/s, vale:', 6, 47);
INSERT INTO `Respostas_IFSP`.`Pergunta` (`Id`, `Texto`, `Materia_Id`, `Tema_Id`) VALUES (32, 'Uma pedra é lançada do décimo andar de um prédio com velocidade inicial de 5m/s. Sendo a altura nesse ponto igual a 30 m e a aceleração da gravidade igual a 10 m/s2, a velocidade da pedra ao atingir o chão é:', 6, 47);
INSERT INTO `Respostas_IFSP`.`Pergunta` (`Id`, `Texto`, `Materia_Id`, `Tema_Id`) VALUES (33, '(UCB) Determinado atleta usa 25% da energia cinética obtida na corrida para realizar um salto em altura sem vara. Se ele atingiu a velocidade de 10 m/s, considerando g = 10 m/s2, a altura atingida em razão da conversão de energia cinética em potencial gravitacional é a seguinte:', 6, 48);
INSERT INTO `Respostas_IFSP`.`Pergunta` (`Id`, `Texto`, `Materia_Id`, `Tema_Id`) VALUES (34, 'Um objeto de massa m está acoplado a uma mola ideal que se encontra comprimida entre um anteparo vertical e o objeto. Ao soltar uma pequena trava, o objeto é empurrado pela mola, adquirindo velocidade v no momento em que a mola chega à posição relaxada. Determine a constante elástica dessa mola em função da massa do objeto, da compressão x e da velocidade adquirida.', 6, 48);
INSERT INTO `Respostas_IFSP`.`Pergunta` (`Id`, `Texto`, `Materia_Id`, `Tema_Id`) VALUES (35, 'A respeito dos tipos de energia potencial, marque a alternativa incorreta:', 6, 48);
INSERT INTO `Respostas_IFSP`.`Pergunta` (`Id`, `Texto`, `Materia_Id`, `Tema_Id`) VALUES (36, 'Imagine a seguinte situação: um operário da construção civil precisa carregar um saco de cimento de 50 kg. Ele levanta esse saco de cimento e se desloca por 20 metros na horizontal. Adote g = 10 m/s². Calcule o trabalho realizado pela força do operário sobre o cimento.', 6, 49);
INSERT INTO `Respostas_IFSP`.`Pergunta` (`Id`, `Texto`, `Materia_Id`, `Tema_Id`) VALUES (37, '(UESPI) Um bloco de 2 Kg é puxado com velocidade constante por uma distância de 4 m em um piso horizontal por uma corda que exerce uma força de 7 N fazendo um ângulo de 60º acima da horizontal. Sabendo que Cos(60º) = 0,5 e Sen(60º) = 0,86, o trabalho executado pela corda sobre o bloco é de:', 6, 49);
INSERT INTO `Respostas_IFSP`.`Pergunta` (`Id`, `Texto`, `Materia_Id`, `Tema_Id`) VALUES (38, 'Um garoto gasta 75 J de energia para empurrar uma caixa por três metros. Sabendo que a direção de aplicação da força do garoto forma um ângulo de 60° com a direção do deslocamento da caixa, determine o valor da força feita pelo garoto.', 6, 49);
INSERT INTO `Respostas_IFSP`.`Pergunta` (`Id`, `Texto`, `Materia_Id`, `Tema_Id`) VALUES (39, '(UNIFICADO-RJ) Dentro de um elevador, um objeto de peso 100 N está apoiado sobre uma superfície. O elevador está descendo e freando com aceleração vertical e para cima de 0,1 m/s2. Considere a aceleração da gravidade como 10 m/s2. Durante o tempo de frenagem, a força que sustenta o objeto vale, em newtons:', 6, 50);
INSERT INTO `Respostas_IFSP`.`Pergunta` (`Id`, `Texto`, `Materia_Id`, `Tema_Id`) VALUES (40, '(UEA) Um objeto, que se desloca horizontalmente com velocidade v0, é submetido à ação de uma força constante de intensidade F que o acelera, levando-o a atingir a velocidade v em um intervalo de tempo t. Nessas condições, é correto afirmar que a massa do objeto vale:', 6, 50);
INSERT INTO `Respostas_IFSP`.`Pergunta` (`Id`, `Texto`, `Materia_Id`, `Tema_Id`) VALUES (41, 'Analise as afirmações feitas a respeito das leis de Newton.
I) É possível definir a segunda lei de Newton em função da quantidade de movimento.
II) Um objeto depositado sobre uma superfície qualquer sofrerá a ação da força Normal como reação à força Peso.
III) A massa é a grandeza que representa a dificuldade imposta por um corpo à mudança de seu estado inicial.
IV) A unidade de medida para força é kg.m.s – 2.
V) Ação e reação sempre possuem o mesmo sentido.', 6, 50);

INSERT INTO `Respostas_IFSP`.`Pergunta` (`Id`, `Texto`, `Materia_Id`, `Tema_Id`) VALUES (42, 'Indique a alternativa em que todos os itens representam forças.', 6, 51);
INSERT INTO `Respostas_IFSP`.`Pergunta` (`Id`, `Texto`, `Materia_Id`, `Tema_Id`) VALUES (43, 'Existem dispositivos que podem ser utilizados para medir a intensidade de uma força, como o:', 6, 51);
INSERT INTO `Respostas_IFSP`.`Pergunta` (`Id`, `Texto`, `Materia_Id`, `Tema_Id`) VALUES (44, 'De acordo com a Dinâmica, dizemos que um corpo está em equilíbrio quando:', 6, 51);
INSERT INTO `Respostas_IFSP`.`Pergunta` (`Id`, `Texto`, `Materia_Id`, `Tema_Id`) VALUES (45, 'A preocupação com o efeito estufa tem sido cada vez mais notada. Em alguns dias do verão de 2009, a temperatura na cidade de São Paulo chegou a atingir 34 ºC. O valor dessa temperatura em escala Kelvin é:', 6, 52);
INSERT INTO `Respostas_IFSP`.`Pergunta` (`Id`, `Texto`, `Materia_Id`, `Tema_Id`) VALUES (46, 'Lorde Kelvin verificou experimentalmente que, quando um gás é resfriado de 0 ºC para -1 ºC, por exemplo, ele perde uma fração de sua pressão igual a 1/273,15. Raciocinou então que na temperatura de -273,15 ºC a pressão do gás se tornaria nula, ou seja, a energia cinética das partículas do gás seria igual a zero. Kelvin denominou a temperatura de -273,15 ºC de zero absoluto.
Identifique a alternativa em que a conversão de unidades é incorreta:', 6, 52);
INSERT INTO `Respostas_IFSP`.`Pergunta` (`Id`, `Texto`, `Materia_Id`, `Tema_Id`) VALUES (47, '(ITA-SP) Para medir a febre de pacientes, um estudante de medicina criou sua própria escala linear de temperaturas. Nessa nova escala, os valores de O (zero) e 10 (dez) correspondem, respectivamente, a 37°C e 40°C. A temperatura de mesmo valor numérico em ambas as escalas é aproximadamente:', 6, 52);
INSERT INTO `Respostas_IFSP`.`Pergunta` (`Id`, `Texto`, `Materia_Id`, `Tema_Id`) VALUES (48, '(UF - Paraná)
Para aquecer 500 g de certa substância de 20 ºC para 70 ºC, foram necessárias 4 000 calorias. A capacidade térmica e o calor específico valem respectivamente:
', 6, 53);
INSERT INTO `Respostas_IFSP`.`Pergunta` (`Id`, `Texto`, `Materia_Id`, `Tema_Id`) VALUES (49, '(Makenzie - SP)
Em uma manhã de céu azul, um banhista na praia observa que a areia está muito quente e a água do mar está muito fria. À noite, esse mesmo banhista observa que a areia da praia está fira e a água do mar está morna. O fenômeno observado deve-se ao fato de que:
', 6, 53);
INSERT INTO `Respostas_IFSP`.`Pergunta` (`Id`, `Texto`, `Materia_Id`, `Tema_Id`) VALUES (50, '(Unifor-CE) Um cubo de gelo de massa 100 g, inicialmente à temperatura de - 20 °C, é aquecido até se transformar em água a 40 °C (dados: calor específico do gelo 0,50 cal/g °C; calor específico da água 1,0 cal/g °C; calor de fusão do gelo 80 cal/g). As quantidades de calor sensível e de calor latente trocados nessa transformação, em calorias, foram, respectivamente:', 6, 53);
INSERT INTO `Respostas_IFSP`.`Pergunta` (`Id`, `Texto`, `Materia_Id`, `Tema_Id`) VALUES (51, 'Sobre a matriz energética brasileira, assinale a alternativa INCORRETA:', 6, 54);
INSERT INTO `Respostas_IFSP`.`Pergunta` (`Id`, `Texto`, `Materia_Id`, `Tema_Id`) VALUES (52, 'A respeito das matrizes energéticas mundial e brasileira, assinale V para as proposições verdadeiras e F para as proposições falsas. Em seguida, escolha a alternativa correta:
I. ( ) A matriz energética mundial é caracterizada pelo intenso uso de combustíveis fósseis, como petróleo e carvão mineral.
II. ( ) As fontes renováveis de energia representam, aproximadamente, 14% da matriz energética mundial (somadas as energias eólica, solar, geotérmica, hidráulica e biomassa).
III. ( ) A energia solar é a fonte renovável mais utilizada no Brasil, seguida pela energia hidráulica.
IV. ( ) Cerca de 14% da produção de energia no Brasil é proveniente de fontes renováveis de energia.', 6, 54);
INSERT INTO `Respostas_IFSP`.`Pergunta` (`Id`, `Texto`, `Materia_Id`, `Tema_Id`) VALUES (53, '(FGV-SP) De todo o potencial hidrelétrico brasileiro (258 mil MW de potência), 30% já foram aproveitados. O maior potencial disponível está na Bacia Amazônica (100 mil MW), do qual menos de 1% foi aproveitado. A exploração de boa parte do potencial da bacia tem como fator restritivo:', 6, 54);
INSERT INTO `Respostas_IFSP`.`Pergunta` (`Id`, `Texto`, `Materia_Id`, `Tema_Id`) VALUES (54, '(PUC-Rio-2009) Em um colégio, de 100 alunos, 80 gostam de sorvete de chocolate, 70 gostam de sorvete de creme e 60 gostam dos dois sabores. Quantos alunos não gostam de nenhum dos dois sabores?', 1, 1);
INSERT INTO `Respostas_IFSP`.`Pergunta` (`Id`, `Texto`, `Materia_Id`, `Tema_Id`) VALUES (55, '(PUC) Numa pesquisa de mercado, verificou-se que 15 pessoas utilizam pelo menos um dos produtos A ou B. Sabendo que 10 dessas pessoas não usam o produto B e que 2 dessas pessoas não usam o produto A, qual é o número de pessoas que utilizam os produtos A e B?', 1,1);
INSERT INTO `Respostas_IFSP`.`Pergunta` (`Id`, `Texto`, `Materia_Id`, `Tema_Id`) VALUES(56,  '(UF- Juiz de Fora) Dois lados de um triângulo medem 8 m e 10 m e formam um ângulo de 60°. O terceiro lado desse triângulo mede:', 1, 2);
INSERT INTO `Respostas_IFSP`.`Pergunta` (`Id`, `Texto`, `Materia_Id`, `Tema_Id`) VALUES (57, '(UFJF) Os valores de x que satisfazem a inequação x² – 2x – 3 ≥ 0 pertencem a: x - 2 ', 1, 7);
INSERT INTO `Respostas_IFSP`.`Pergunta` (`Id`, `Texto`, `Materia_Id`, `Tema_Id`) VALUES (58, '(Mack – SP) Dadas as funções f(x) = 2 x² – 4 e g(x) = 4 x² – 2x, se x satisfaz f(x) = g(x), então 2x é:', 1,  11);
INSERT INTO `Respostas_IFSP`.`Pergunta` (`Id`, `Texto`, `Materia_Id`, `Tema_Id`) VALUES (59, ' (UEL 2003) “Tales foi o iniciador da filosofia da physis, pois foi o primeiro a afirmar a existência de um princípio originário único, causa de todas as coisas que existem, sustentando que esse princípio é a água. Essa proposta é importantíssima… podendo com boa dose de razão ser qualificada como a primeira proposta filosófica daquilo que se costuma chamar civilização ocidental.” (REALE, Giovanni. História da filosofia: Antigüidade e Idade Média. São Paulo: Paulus, 1990. p. 29.) A filosofia surgiu na Grécia, no século VI a.C. Seus primeiros filósofos foram os chamados pré-socráticos. De acordo com o texto, assinale a alternativa que expressa o principal problema por eles investigado.', 10, 80);
INSERT INTO `Respostas_IFSP`.`Pergunta` (`Id`, `Texto`, `Materia_Id`, `Tema_Id`) VALUES (60, ' Há diferentes formas de se periodizar a Filosofia Grega. Há autores que consideram que ela pode ser dividida em três períodos, outros que ela pode ser dividida em até seis períodos. Compreendendo a Filosofia Grega a partir da divisão em quatro períodos, escolha a alternativa que corresponde a eles.', 10,  81);
INSERT INTO `Respostas_IFSP`.`Pergunta` (`Id`, `Texto`, `Materia_Id`, `Tema_Id`) VALUES (61, 'Pela sua manifestação crítica, a filosofia incomoda a muitos, entre os anos 1964 e 1989 foi retirada do currículo escolar, ficando restrita apenas na formação: ', 10, 82);
INSERT INTO `Respostas_IFSP`.`Pergunta` (`Id`, `Texto`, `Materia_Id`, `Tema_Id`) VALUES (62, 'Em filosofia também estudamos o sistema de ideias que elabora uma "compreensão da realidade" para ocultar ou dissimular o domínio de um grupo social sobre outro. Atua como uma forma de consciência parcial, ilusória e enganadora que se baseia na criação de conceitos e preconceitos como instrumento de dominação. Nos referimos à: ', 10, 83);
INSERT INTO `Respostas_IFSP`.`Pergunta` (`Id`, `Texto`, `Materia_Id`, `Tema_Id`) VALUES (63, '(ENEM 2016) – Questão sobre Platão: Os andróginos tentaram escalar o céu para combater os deuses. No entanto, os deuses em um primeiro momento pensam em matá-los de forma sumária. Depois decidem puni-los da forma mais cruel: dividem-nos em dois.
Por exemplo, é como se pegássemos um ovo cozido e, com uma linha, dividíssemos ao meio. Desta forma, até hoje as metades separadas buscam reunir-se. Cada um com saudade de sua metade, tenta juntar-se novamente a ela, abraçando-se, enlaçando-se um ao outro, desejando formar um único ser. (PLATÃO. O banquete. São Paulo: Nova Cultural, 1987). No trecho da obra  O banquete, Platão explicita, por meio de uma alegoria, o:', 10, 84);
INSERT INTO `Respostas_IFSP`.`Pergunta` (`Id`, `Texto`, `Materia_Id`, `Tema_Id`) VALUES  (64, 'Todos os homens são mortais. Sócrates é homem, portanto Sócrates é mortal. Sobre o argumento acima, é correto afirmar que:', 10, 86);
INSERT INTO `Respostas_IFSP`.`Pergunta` (`Id`, `Texto`, `Materia_Id`, `Tema_Id`) VALUES (65, 'Escolha a opção correta: There is___ excellent lawyer in___office I know.', 9,  73);
INSERT INTO `Respostas_IFSP`.`Pergunta` (`Id`, `Texto`, `Materia_Id`, `Tema_Id`) VALUES(66, '(UFSCar) Go and find the driver ____ arrived here yesterday.', 9, 75);
INSERT INTO `Respostas_IFSP`.`Pergunta` (`Id`, `Texto`, `Materia_Id`, `Tema_Id`) VALUES (67, 'Complete the bank spaces with the right conjugation of the Simple Present Tense. Follow the example: Example: Anne loves the Jane Austin`s work. (love)', 9, 76);
INSERT INTO `Respostas_IFSP`.`Pergunta` (`Id`, `Texto`, `Materia_Id`, `Tema_Id`) VALUES (68, '(Mackenzie-2000) Assinale a alternativa que corretamente preenche as lacunas I, II e III das frases a seguir:
He ____(I) me a favor 2 months ago. 
They ____(II) an attempt to escape.
I ____(III) an important decision last night.', 9, 77);
INSERT INTO `Respostas_IFSP`.`Pergunta` (`Id`, `Texto`, `Materia_Id`, `Tema_Id`) VALUES (69, 'He.......the best soccer player in Brazil last year.', 9, 79);

select * from `Respostas_IFSP`.`Pergunta`;
-- -----------------------------------------------------
-- Table `Respostas_IFSP`.`Alternativa`
-- -----------------------------------------------------
DROP TABLE IF EXISTS `Respostas_IFSP`.`Alternativa` ;

CREATE TABLE IF NOT EXISTS `Respostas_IFSP`.`Alternativa` (
  `Id` INT NOT NULL AUTO_INCREMENT,
  `Texto` VARCHAR(1000) NOT NULL,
  `Autenticidade` TINYINT NOT NULL,
  `Pergunta_Id` INT NOT NULL,
  PRIMARY KEY (`Id`),
  INDEX `fk_Alternativa_Pergunta1_idx` (`Pergunta_Id` ASC) VISIBLE,
  CONSTRAINT `fk_Alternativa_Pergunta1`
    FOREIGN KEY (`Pergunta_Id`)
    REFERENCES `Respostas_IFSP`.`Pergunta` (`Id`)
    ON DELETE NO ACTION
    ON UPDATE NO ACTION)
ENGINE = InnoDB;

INSERT INTO `Respostas_IFSP`.`Alternativa` (`Id`, `Texto`, `Autenticidade`, `Pergunta_Id`) VALUES (NULL, 'a) Somente as afirmativas 1 e 3 são verdadeiras', 0, 1);
INSERT INTO `Respostas_IFSP`.`Alternativa` (`Id`, `Texto`, `Autenticidade`, `Pergunta_Id`) VALUES (NULL, 'b) Somente as afirmativas 2 e 4 são verdadeiras', 0, 1);
INSERT INTO `Respostas_IFSP`.`Alternativa` (`Id`, `Texto`, `Autenticidade`, `Pergunta_Id`) VALUES (NULL, 'c) Somente as afirmativas 1, 2 e 4 são verdadeiras', 0, 1);
INSERT INTO `Respostas_IFSP`.`Alternativa` (`Id`, `Texto`, `Autenticidade`, `Pergunta_Id`) VALUES (NULL, 'd) Somente as afirmativas 3 e 4 são verdadeiras', 0, 1);
INSERT INTO `Respostas_IFSP`.`Alternativa` (`Id`, `Texto`, `Autenticidade`, `Pergunta_Id`) VALUES (NULL, 'e) Somente as afirmativas 1 e 2 são verdadeiras', 1, 1);
INSERT INTO `Respostas_IFSP`.`Alternativa` (`Id`, `Texto`, `Autenticidade`, `Pergunta_Id`) VALUES (NULL, 'a) I – II – IV – III', 0, 2);
INSERT INTO `Respostas_IFSP`.`Alternativa` (`Id`, `Texto`, `Autenticidade`, `Pergunta_Id`) VALUES (NULL, 'b) II – III – IV – I', 0, 2);
INSERT INTO `Respostas_IFSP`.`Alternativa` (`Id`, `Texto`, `Autenticidade`, `Pergunta_Id`) VALUES (NULL, 'c) I – IV – III – II', 0, 2);
INSERT INTO `Respostas_IFSP`.`Alternativa` (`Id`, `Texto`, `Autenticidade`, `Pergunta_Id`) VALUES (NULL, 'd) II – I – III – IV', 1, 2);
INSERT INTO `Respostas_IFSP`.`Alternativa` (`Id`, `Texto`, `Autenticidade`, `Pergunta_Id`) VALUES (NULL, 'a) O “big bang”, que deu origem ao universo e, consequentemente, à vida', 0, 3);
INSERT INTO `Respostas_IFSP`.`Alternativa` (`Id`, `Texto`, `Autenticidade`, `Pergunta_Id`) VALUES (NULL, 'b) O aumento dos níveis de O‚ atmosférico, que permitiu a proliferação dos seres aeróbios', 0, 3);
INSERT INTO `Respostas_IFSP`.`Alternativa` (`Id`, `Texto`, `Autenticidade`, `Pergunta_Id`) VALUES (NULL, 'c) O surgimento dos coacervados, os quais, em soluções aquosas, são capazes de criar uma membrana, isolando a matéria orgânica do meio externo', 0, 3);
INSERT INTO `Respostas_IFSP`.`Alternativa` (`Id`, `Texto`, `Autenticidade`, `Pergunta_Id`) VALUES (NULL, 'd) O surgimento de uma bicamada fosfolipídica, que envolveu moléculas com capacidade de autoduplicação e metabolismo', 1, 3);
INSERT INTO `Respostas_IFSP`.`Alternativa` (`Id`, `Texto`, `Autenticidade`, `Pergunta_Id`) VALUES (NULL, 'e) O resfriamento da atmosfera, que propiciou uma condição favorável para a origem de moléculas precursoras de vida', 0, 3);
INSERT INTO `Respostas_IFSP`.`Alternativa` (`Id`, `Texto`, `Autenticidade`, `Pergunta_Id`) VALUES (NULL, 'a) Abiogênese', 0, 4);
INSERT INTO `Respostas_IFSP`.`Alternativa` (`Id`, `Texto`, `Autenticidade`, `Pergunta_Id`) VALUES (NULL, 'b) Geração espontânea', 0, 4);
INSERT INTO `Respostas_IFSP`.`Alternativa` (`Id`, `Texto`, `Autenticidade`, `Pergunta_Id`) VALUES (NULL, 'c) Evolução química', 1, 4);
INSERT INTO `Respostas_IFSP`.`Alternativa` (`Id`, `Texto`, `Autenticidade`, `Pergunta_Id`) VALUES (NULL, 'd) Panspermia', 0, 4);
INSERT INTO `Respostas_IFSP`.`Alternativa` (`Id`, `Texto`, `Autenticidade`, `Pergunta_Id`) VALUES (NULL, 'e) Seleção natural', 0, 4);
INSERT INTO `Respostas_IFSP`.`Alternativa` (`Id`, `Texto`, `Autenticidade`, `Pergunta_Id`) VALUES (NULL, 'a) Haldane e Oparin admitiam que moléculas inorgânicas, encontradas na atmosfera primitiva, se combinariam originando moléculas orgânicas simples, que, posteriormente, adquiriram a capacidade de autoduplicação e metabolismo', 1, 5);
INSERT INTO `Respostas_IFSP`.`Alternativa` (`Id`, `Texto`, `Autenticidade`, `Pergunta_Id`) VALUES (NULL, 'b) A teoria da abiogênese foi confirmada com as pesquisas realizadas por Pasteur, em que micro-organismos foram encontrados em frascos com “pescoço de cisne”, após o processo de fervura', 0, 5);
INSERT INTO `Respostas_IFSP`.`Alternativa` (`Id`, `Texto`, `Autenticidade`, `Pergunta_Id`) VALUES (NULL, 'c) Os avanços tecnológicos e as pesquisas atuais permitiram definir a descoberta da vida como sendo através da evolução de componentes inorgânicos originados no próprio planeta Terra', 0, 5);
INSERT INTO `Respostas_IFSP`.`Alternativa` (`Id`, `Texto`, `Autenticidade`, `Pergunta_Id`) VALUES (NULL, 'd) Segundo a panspermia, os primeiros seres vivos teriam vindo do cosmos e seriam pluricelulares e autótrofos', 0, 5);
INSERT INTO `Respostas_IFSP`.`Alternativa` (`Id`, `Texto`, `Autenticidade`, `Pergunta_Id`) VALUES (NULL, 'e) As pesquisas realizadas puderam comprovar a hipótese autotrófica, pois não existiam nutrientes suficientes na Terra primitiva para suprir os seres vivos', 0, 5);
INSERT INTO `Respostas_IFSP`.`Alternativa` (`Id`, `Texto`, `Autenticidade`, `Pergunta_Id`) VALUES (NULL, 'a) Abiogênese', 0, 6);
INSERT INTO `Respostas_IFSP`.`Alternativa` (`Id`, `Texto`, `Autenticidade`, `Pergunta_Id`) VALUES (NULL, 'b) Geração espontânea', 0, 6);
INSERT INTO `Respostas_IFSP`.`Alternativa` (`Id`, `Texto`, `Autenticidade`, `Pergunta_Id`) VALUES (NULL, 'c) Evolução química', 0, 6);
INSERT INTO `Respostas_IFSP`.`Alternativa` (`Id`, `Texto`, `Autenticidade`, `Pergunta_Id`) VALUES (NULL, 'd) Panspermia', 1, 6);
INSERT INTO `Respostas_IFSP`.`Alternativa` (`Id`, `Texto`, `Autenticidade`, `Pergunta_Id`) VALUES (NULL, 'e) Seleção natural', 0, 6);
INSERT INTO `Respostas_IFSP`.`Alternativa` (`Id`, `Texto`, `Autenticidade`, `Pergunta_Id`) VALUES (NULL, 'a) I e II', 0, 7);
INSERT INTO `Respostas_IFSP`.`Alternativa` (`Id`, `Texto`, `Autenticidade`, `Pergunta_Id`) VALUES (NULL, 'b) I e III', 1, 7);
INSERT INTO `Respostas_IFSP`.`Alternativa` (`Id`, `Texto`, `Autenticidade`, `Pergunta_Id`) VALUES (NULL, 'c) I e IV', 0, 7);
INSERT INTO `Respostas_IFSP`.`Alternativa` (`Id`, `Texto`, `Autenticidade`, `Pergunta_Id`) VALUES (NULL, 'd) II e III', 0, 7);
INSERT INTO `Respostas_IFSP`.`Alternativa` (`Id`, `Texto`, `Autenticidade`, `Pergunta_Id`) VALUES (NULL, 'e) III e IV', 0, 7);
INSERT INTO `Respostas_IFSP`.`Alternativa` (`Id`, `Texto`, `Autenticidade`, `Pergunta_Id`) VALUES (NULL, 'a) Nos ecossistemas, os organismos interagem com outros', 0, 8);

INSERT INTO `Respostas_IFSP`.`Alternativa` (`Id`, `Texto`, `Autenticidade`, `Pergunta_Id`) VALUES (NULL, 'b) Nos ecossistemas, ocorrem relações ecológica', 0, 8);
INSERT INTO `Respostas_IFSP`.`Alternativa` (`Id`, `Texto`, `Autenticidade`, `Pergunta_Id`) VALUES (NULL, 'c) Nos ecossistemas, os organismos não interagem com fatores físicos', 1, 8);
INSERT INTO `Respostas_IFSP`.`Alternativa` (`Id`, `Texto`, `Autenticidade`, `Pergunta_Id`) VALUES (NULL, 'd) Recifes de coral são exemplos de ecossistemas aquáticos', 0, 8);
INSERT INTO `Respostas_IFSP`.`Alternativa` (`Id`, `Texto`, `Autenticidade`, `Pergunta_Id`) VALUES (NULL, 'e) Nos ecossistemas, o fluxo de energia possui apenas uma direção', 0, 8);
INSERT INTO `Respostas_IFSP`.`Alternativa` (`Id`, `Texto`, `Autenticidade`, `Pergunta_Id`) VALUES (NULL, 'a) Possuir fluxo de energia bidirecional', 0, 9);
INSERT INTO `Respostas_IFSP`.`Alternativa` (`Id`, `Texto`, `Autenticidade`, `Pergunta_Id`) VALUES (NULL, 'b) Ser um sistema fechado e autossuficiente', 0, 9);
INSERT INTO `Respostas_IFSP`.`Alternativa` (`Id`, `Texto`, `Autenticidade`, `Pergunta_Id`) VALUES (NULL, 'c) Reunir os organismos em um único nível trófico', 0, 9);
INSERT INTO `Respostas_IFSP`.`Alternativa` (`Id`, `Texto`, `Autenticidade`, `Pergunta_Id`) VALUES (NULL, 'd) mpedir movimentos de imigração e emigração de organismos', 0, 9);
INSERT INTO `Respostas_IFSP`.`Alternativa` (`Id`, `Texto`, `Autenticidade`, `Pergunta_Id`) VALUES (NULL, 'e) Compreender ciclos de materiais entre os componentes bióticos e abióticos', 1, 9);
INSERT INTO `Respostas_IFSP`.`Alternativa` (`Id`, `Texto`, `Autenticidade`, `Pergunta_Id`) VALUES (NULL, 'a) após a população', 0, 10);
INSERT INTO `Respostas_IFSP`.`Alternativa` (`Id`, `Texto`, `Autenticidade`, `Pergunta_Id`) VALUES (NULL, 'b) após as comunidades', 1, 10);
INSERT INTO `Respostas_IFSP`.`Alternativa` (`Id`, `Texto`, `Autenticidade`, `Pergunta_Id`) VALUES (NULL, 'c) antes dos organismos', 0, 10);
INSERT INTO `Respostas_IFSP`.`Alternativa` (`Id`, `Texto`, `Autenticidade`, `Pergunta_Id`) VALUES (NULL, 'd) antes da população', 0, 10);
INSERT INTO `Respostas_IFSP`.`Alternativa` (`Id`, `Texto`, `Autenticidade`, `Pergunta_Id`) VALUES (NULL, 'e) antes da comunidade', 0, 10);
INSERT INTO `Respostas_IFSP`.`Alternativa` (`Id`, `Texto`, `Autenticidade`, `Pergunta_Id`) VALUES (NULL, 'a) Nas cadeias alimentares, um mesmo organismo pode ocupar diferentes níveis tróficos', 0, 11);
INSERT INTO `Respostas_IFSP`.`Alternativa` (`Id`, `Texto`, `Autenticidade`, `Pergunta_Id`) VALUES (NULL, 'b) As cadeias alimentares sempre se iniciam com os decompositores', 0, 11);
INSERT INTO `Respostas_IFSP`.`Alternativa` (`Id`, `Texto`, `Autenticidade`, `Pergunta_Id`) VALUES (NULL, 'c) Consumidores secundários são sempre herbívoros', 0, 11);
INSERT INTO `Respostas_IFSP`.`Alternativa` (`Id`, `Texto`, `Autenticidade`, `Pergunta_Id`) VALUES (NULL, 'd) Nas cadeias alimentares, observa-se o fluxo unidirecional dos nutrientes e da energia', 1, 11);
INSERT INTO `Respostas_IFSP`.`Alternativa` (`Id`, `Texto`, `Autenticidade`, `Pergunta_Id`) VALUES (NULL, 'e) Na cadeia alimentar, os organismos heterotróficos são chamados de produtores', 0, 11);
INSERT INTO `Respostas_IFSP`.`Alternativa` (`Id`, `Texto`, `Autenticidade`, `Pergunta_Id`) VALUES (NULL, 'a) Organismos fotossintetizantes fazem parte dos produtores', 0, 12);
INSERT INTO `Respostas_IFSP`.`Alternativa` (`Id`, `Texto`, `Autenticidade`, `Pergunta_Id`) VALUES (NULL, 'b) No nível de decompositores, encontramos, por exemplo, os fungos, organismos autotróficos', 1, 12);
INSERT INTO `Respostas_IFSP`.`Alternativa` (`Id`, `Texto`, `Autenticidade`, `Pergunta_Id`) VALUES (NULL, 'c) Consumidores são organismos incapazes de sintetizar seu próprio alimento', 0, 12);
INSERT INTO `Respostas_IFSP`.`Alternativa` (`Id`, `Texto`, `Autenticidade`, `Pergunta_Id`) VALUES (NULL, 'd) Os consumidores que se alimentam dos produtores são chamados de consumidores primários', 0, 12);
INSERT INTO `Respostas_IFSP`.`Alternativa` (`Id`, `Texto`, `Autenticidade`, `Pergunta_Id`) VALUES (NULL, 'e) A cada nível trófico parte da energia é perdida', 0, 12);
INSERT INTO `Respostas_IFSP`.`Alternativa` (`Id`, `Texto`, `Autenticidade`, `Pergunta_Id`) VALUES (NULL, 'a) Somente as afirmativas I, IV e V são verdadeiras', 0, 13);
INSERT INTO `Respostas_IFSP`.`Alternativa` (`Id`, `Texto`, `Autenticidade`, `Pergunta_Id`) VALUES (NULL, 'b) Somente as afirmativas III e IV são verdadeiras', 0, 13);
INSERT INTO `Respostas_IFSP`.`Alternativa` (`Id`, `Texto`, `Autenticidade`, `Pergunta_Id`) VALUES (NULL, 'c) Somente as afirmativas II, III e V são verdadeiras', 0, 13);
INSERT INTO `Respostas_IFSP`.`Alternativa` (`Id`, `Texto`, `Autenticidade`, `Pergunta_Id`) VALUES (NULL, 'd) Somente as afirmativas I, II e V são verdadeiras', 0, 13);
INSERT INTO `Respostas_IFSP`.`Alternativa` (`Id`, `Texto`, `Autenticidade`, `Pergunta_Id`) VALUES (NULL, 'e) Todas as afirmativas são verdadeiras', 1, 13);
INSERT INTO `Respostas_IFSP`.`Alternativa` (`Id`, `Texto`, `Autenticidade`, `Pergunta_Id`) VALUES (NULL, 'a) se estabeleça entre elas uma relação harmônica', 0, 14);
INSERT INTO `Respostas_IFSP`.`Alternativa` (`Id`, `Texto`, `Autenticidade`, `Pergunta_Id`) VALUES (NULL, 'b) se estabeleça uma competição interespecífica', 1, 14);
INSERT INTO `Respostas_IFSP`.`Alternativa` (`Id`, `Texto`, `Autenticidade`, `Pergunta_Id`) VALUES (NULL, 'c) se estabeleça uma competição intraespecífica', 0, 14);
INSERT INTO `Respostas_IFSP`.`Alternativa` (`Id`, `Texto`, `Autenticidade`, `Pergunta_Id`) VALUES (NULL, 'd) uma das espécies seja produtora e a outra, consumidora', 0, 14);
INSERT INTO `Respostas_IFSP`.`Alternativa` (`Id`, `Texto`, `Autenticidade`, `Pergunta_Id`) VALUES (NULL, 'e) uma das espécies ocupe um nível trófico elevado', 0, 14);
INSERT INTO `Respostas_IFSP`.`Alternativa` (`Id`, `Texto`, `Autenticidade`, `Pergunta_Id`) VALUES (NULL, 'a) protocooperação e competição', 0, 15);
INSERT INTO `Respostas_IFSP`.`Alternativa` (`Id`, `Texto`, `Autenticidade`, `Pergunta_Id`) VALUES (NULL, 'b) inquilinismo e protocooperação', 1, 15);
INSERT INTO `Respostas_IFSP`.`Alternativa` (`Id`, `Texto`, `Autenticidade`, `Pergunta_Id`) VALUES (NULL, 'c) inquilinismo e parasitismo', 0, 15);
INSERT INTO `Respostas_IFSP`.`Alternativa` (`Id`, `Texto`, `Autenticidade`, `Pergunta_Id`) VALUES (NULL, 'd) competição e predação', 0, 15);
INSERT INTO `Respostas_IFSP`.`Alternativa` (`Id`, `Texto`, `Autenticidade`, `Pergunta_Id`) VALUES (NULL, 'e) parasitismo e predação', 0, 15);
INSERT INTO `Respostas_IFSP`.`Alternativa` (`Id`, `Texto`, `Autenticidade`, `Pergunta_Id`) VALUES (NULL, 'a) colônia', 0, 16);
INSERT INTO `Respostas_IFSP`.`Alternativa` (`Id`, `Texto`, `Autenticidade`, `Pergunta_Id`) VALUES (NULL, 'b) sociedade', 1, 16);
INSERT INTO `Respostas_IFSP`.`Alternativa` (`Id`, `Texto`, `Autenticidade`, `Pergunta_Id`) VALUES (NULL, 'c) mutualismo', 0, 16);
INSERT INTO `Respostas_IFSP`.`Alternativa` (`Id`, `Texto`, `Autenticidade`, `Pergunta_Id`) VALUES (NULL, 'd) protocooperação', 0, 16);
INSERT INTO `Respostas_IFSP`.`Alternativa` (`Id`, `Texto`, `Autenticidade`, `Pergunta_Id`) VALUES (NULL, 'a) Somente as afirmativas II e IV são verdadeiras', 0, 17);
INSERT INTO `Respostas_IFSP`.`Alternativa` (`Id`, `Texto`, `Autenticidade`, `Pergunta_Id`) VALUES (NULL, 'b) Somente as afirmativas I e II são verdadeiras', 0, 17);
INSERT INTO `Respostas_IFSP`.`Alternativa` (`Id`, `Texto`, `Autenticidade`, `Pergunta_Id`) VALUES (NULL, 'c) Somente as afirmativas I, III e IV são verdadeiras', 0, 17);
INSERT INTO `Respostas_IFSP`.`Alternativa` (`Id`, `Texto`, `Autenticidade`, `Pergunta_Id`) VALUES (NULL, 'd) Somente as afirmativas II, III e IV são verdadeiras', 0, 17);
INSERT INTO `Respostas_IFSP`.`Alternativa` (`Id`, `Texto`, `Autenticidade`, `Pergunta_Id`) VALUES (NULL, 'e) Somente as afirmativas I e III são verdadeiras', 1, 17);
INSERT INTO `Respostas_IFSP`.`Alternativa` (`Id`, `Texto`, `Autenticidade`, `Pergunta_Id`) VALUES (NULL, 'a) Os decompositores garantem a fixação dos elementos químicos no solo', 0, 18);
INSERT INTO `Respostas_IFSP`.`Alternativa` (`Id`, `Texto`, `Autenticidade`, `Pergunta_Id`) VALUES (NULL, 'b) Os decompositores, ao degradar os restos de seres vivos, garantem espaço para que novos nutrientes sejam adicionados ao ambiente', 0, 18);
INSERT INTO `Respostas_IFSP`.`Alternativa` (`Id`, `Texto`, `Autenticidade`, `Pergunta_Id`) VALUES (NULL, 'c) Os decompositores permitem, ao decompor os restos dos organismos, que substâncias presentes nesses seres possam ser utilizadas novamente', 1, 18);
INSERT INTO `Respostas_IFSP`.`Alternativa` (`Id`, `Texto`, `Autenticidade`, `Pergunta_Id`) VALUES (NULL, 'd) Os decompositores permitem que o fluxo de energia ocorra em vários sentidos', 0, 18);
INSERT INTO `Respostas_IFSP`.`Alternativa` (`Id`, `Texto`, `Autenticidade`, `Pergunta_Id`) VALUES (NULL, 'a) fósforo', 0, 19);
INSERT INTO `Respostas_IFSP`.`Alternativa` (`Id`, `Texto`, `Autenticidade`, `Pergunta_Id`) VALUES (NULL, 'b) enxofre', 0, 19);
INSERT INTO `Respostas_IFSP`.`Alternativa` (`Id`, `Texto`, `Autenticidade`, `Pergunta_Id`) VALUES (NULL, 'c) carbono', 0, 19);
INSERT INTO `Respostas_IFSP`.`Alternativa` (`Id`, `Texto`, `Autenticidade`, `Pergunta_Id`) VALUES (NULL, 'd) oxigênio', 1, 19);
INSERT INTO `Respostas_IFSP`.`Alternativa` (`Id`, `Texto`, `Autenticidade`, `Pergunta_Id`) VALUES (NULL, 'e) nitrogênio', 0, 19);
INSERT INTO `Respostas_IFSP`.`Alternativa` (`Id`, `Texto`, `Autenticidade`, `Pergunta_Id`) VALUES (NULL, 'a) Os desertos quase não possuem vegetação', 0, 20);
INSERT INTO `Respostas_IFSP`.`Alternativa` (`Id`, `Texto`, `Autenticidade`, `Pergunta_Id`) VALUES (NULL, 'b) Os campos são constituídos por uma vegetação composta por gramíneas e quase não possuem vegetação arbustiva ou arbórea', 0, 20);
INSERT INTO `Respostas_IFSP`.`Alternativa` (`Id`, `Texto`, `Autenticidade`, `Pergunta_Id`) VALUES (NULL, 'c) As savanas possuem uma vegetação florestal densa que é composta por árvores que atingem mais de 30 metros e não perdem as folhas no outono', 1, 20);
INSERT INTO `Respostas_IFSP`.`Alternativa` (`Id`, `Texto`, `Autenticidade`, `Pergunta_Id`) VALUES (NULL, 'd) A vegetação da Tundra é composta por musgos e líquens, que resistem ao frio intenso do inverno e voltam a brotar no verão', 0, 20);
INSERT INTO `Respostas_IFSP`.`Alternativa` (`Id`, `Texto`, `Autenticidade`, `Pergunta_Id`) VALUES (NULL, 'e) A Taiga é composta por florestas de coníferas, um tipo de árvore que possui folhas em forma de agulha que são recobertas por uma cera que as torna mais resistentes ao frio', 0, 20);
INSERT INTO `Respostas_IFSP`.`Alternativa` (`Id`, `Texto`, `Autenticidade`, `Pergunta_Id`) VALUES (NULL, 'a) I e II', 0, 21);
INSERT INTO `Respostas_IFSP`.`Alternativa` (`Id`, `Texto`, `Autenticidade`, `Pergunta_Id`) VALUES (NULL, 'b) I e III', 1, 21);
INSERT INTO `Respostas_IFSP`.`Alternativa` (`Id`, `Texto`, `Autenticidade`, `Pergunta_Id`) VALUES (NULL, 'c) I e IV', 0, 21);
INSERT INTO `Respostas_IFSP`.`Alternativa` (`Id`, `Texto`, `Autenticidade`, `Pergunta_Id`) VALUES (NULL, 'd) II e III', 0, 21);
INSERT INTO `Respostas_IFSP`.`Alternativa` (`Id`, `Texto`, `Autenticidade`, `Pergunta_Id`) VALUES (NULL, 'e) III e IV', 0, 21);
INSERT INTO `Respostas_IFSP`.`Alternativa` (`Id`, `Texto`, `Autenticidade`, `Pergunta_Id`) VALUES (NULL, 'a) a energia na forma de luz é convertida em energia química dos alimentos e perde-se na forma de calor, que não é reutilizado', 1, 22);
INSERT INTO `Respostas_IFSP`.`Alternativa` (`Id`, `Texto`, `Autenticidade`, `Pergunta_Id`) VALUES (NULL, 'b) a fotossíntese transforma energia luminosa em energia física que, por sua vez, é armazenada na matéria orgânica', 0, 22);
INSERT INTO `Respostas_IFSP`.`Alternativa` (`Id`, `Texto`, `Autenticidade`, `Pergunta_Id`) VALUES (NULL, 'c) a quantidade de energia aumenta a cada transferência de um ser vivo para outro, confirmando a entropia natural', 0, 22);
INSERT INTO `Respostas_IFSP`.`Alternativa` (`Id`, `Texto`, `Autenticidade`, `Pergunta_Id`) VALUES (NULL, 'd) nos ecossistemas, a energia tem fluxo unidirecional, ou seja, é constantemente reciclada e reaproveitada', 0, 22);
INSERT INTO `Respostas_IFSP`.`Alternativa` (`Id`, `Texto`, `Autenticidade`, `Pergunta_Id`) VALUES (NULL, 'a) Bactérias e protozoários', 0, 23);
INSERT INTO `Respostas_IFSP`.`Alternativa` (`Id`, `Texto`, `Autenticidade`, `Pergunta_Id`) VALUES (NULL, 'b) Fungos e protozoários', 0, 23);
INSERT INTO `Respostas_IFSP`.`Alternativa` (`Id`, `Texto`, `Autenticidade`, `Pergunta_Id`) VALUES (NULL, 'c) Bactérias e fungos', 1, 23);
INSERT INTO `Respostas_IFSP`.`Alternativa` (`Id`, `Texto`, `Autenticidade`, `Pergunta_Id`) VALUES (NULL, 'd) Fungos e plantas', 0, 23);
INSERT INTO `Respostas_IFSP`.`Alternativa` (`Id`, `Texto`, `Autenticidade`, `Pergunta_Id`) VALUES (NULL, 'e) Bactérias e algas', 0, 23);
INSERT INTO `Respostas_IFSP`.`Alternativa` (`Id`, `Texto`, `Autenticidade`, `Pergunta_Id`) VALUES (NULL, 'a) I e II', 1, 24);
INSERT INTO `Respostas_IFSP`.`Alternativa` (`Id`, `Texto`, `Autenticidade`, `Pergunta_Id`) VALUES (NULL, 'b) II e III', 0, 24);
INSERT INTO `Respostas_IFSP`.`Alternativa` (`Id`, `Texto`, `Autenticidade`, `Pergunta_Id`) VALUES (NULL, 'c) III e IV', 0, 24);
INSERT INTO `Respostas_IFSP`.`Alternativa` (`Id`, `Texto`, `Autenticidade`, `Pergunta_Id`) VALUES (NULL, 'd) I e III', 0, 24);
INSERT INTO `Respostas_IFSP`.`Alternativa` (`Id`, `Texto`, `Autenticidade`, `Pergunta_Id`) VALUES (NULL, 'e) II e IV', 0, 24);
INSERT INTO `Respostas_IFSP`.`Alternativa` (`Id`, `Texto`, `Autenticidade`, `Pergunta_Id`) VALUES (NULL, 'a) Participa no equilíbrio osmótico', 0, 25);
INSERT INTO `Respostas_IFSP`.`Alternativa` (`Id`, `Texto`, `Autenticidade`, `Pergunta_Id`) VALUES (NULL, 'b) Catalisa reações químicas', 1, 25);
INSERT INTO `Respostas_IFSP`.`Alternativa` (`Id`, `Texto`, `Autenticidade`, `Pergunta_Id`) VALUES (NULL, 'c) Atua como solvente universal', 0, 25);
INSERT INTO `Respostas_IFSP`.`Alternativa` (`Id`, `Texto`, `Autenticidade`, `Pergunta_Id`) VALUES (NULL, 'd) Participa de reações de hidrólise', 0, 25);
INSERT INTO `Respostas_IFSP`.`Alternativa` (`Id`, `Texto`, `Autenticidade`, `Pergunta_Id`) VALUES (NULL, 'e) Participa no transporte de moléculas', 0, 25);
INSERT INTO `Respostas_IFSP`.`Alternativa` (`Id`, `Texto`, `Autenticidade`, `Pergunta_Id`) VALUES (NULL, 'a) água, carboidratos, lipídios, proteínas e ácidos nucleicos', 0, 26);
INSERT INTO `Respostas_IFSP`.`Alternativa` (`Id`, `Texto`, `Autenticidade`, `Pergunta_Id`) VALUES (NULL, 'b) água, carboidratos, lipídios, proteínas e vitaminas', 0, 26);
INSERT INTO `Respostas_IFSP`.`Alternativa` (`Id`, `Texto`, `Autenticidade`, `Pergunta_Id`) VALUES (NULL, 'c) água, sais minerais, vitaminas, proteínas e carboidratos', 0, 26);
INSERT INTO `Respostas_IFSP`.`Alternativa` (`Id`, `Texto`, `Autenticidade`, `Pergunta_Id`) VALUES (NULL, 'd) sais minerais, carboidratos, lipídios, proteínas e ácidos nucleicos', 0, 26);
INSERT INTO `Respostas_IFSP`.`Alternativa` (`Id`, `Texto`, `Autenticidade`, `Pergunta_Id`) VALUES (NULL, 'e) carboidratos, lipídios, proteínas e ácidos nucleicos', 1, 26);
INSERT INTO `Respostas_IFSP`.`Alternativa` (`Id`, `Texto`, `Autenticidade`, `Pergunta_Id`) VALUES (NULL, 'a) I, IV e V', 0, 27);
INSERT INTO `Respostas_IFSP`.`Alternativa` (`Id`, `Texto`, `Autenticidade`, `Pergunta_Id`) VALUES (NULL, 'b) I e III', 0, 27);
INSERT INTO `Respostas_IFSP`.`Alternativa` (`Id`, `Texto`, `Autenticidade`, `Pergunta_Id`) VALUES (NULL, 'c) II e IV', 0, 27);
INSERT INTO `Respostas_IFSP`.`Alternativa` (`Id`, `Texto`, `Autenticidade`, `Pergunta_Id`) VALUES (NULL, 'd) II e V', 0, 27);
INSERT INTO `Respostas_IFSP`.`Alternativa` (`Id`, `Texto`, `Autenticidade`, `Pergunta_Id`) VALUES (NULL, 'e) I e II', 1, 27);
INSERT INTO `Respostas_IFSP`.`Alternativa` (`Id`, `Texto`, `Autenticidade`, `Pergunta_Id`) VALUES (NULL, 'a) a posição do indivíduo na comunidade era definida pelo seu grau de parentesco com o patriarca e sua economia era natural e coletivista.', 0, 28);
INSERT INTO `Respostas_IFSP`.`Alternativa` (`Id`, `Texto`, `Autenticidade`, `Pergunta_Id`) VALUES (NULL, 'b) as classes sociais ligadas ao comércio, ao mesmo tempo que adquiriam maior poder econômico, procuravam ampliar seu domínio social', 0, 28);
INSERT INTO `Respostas_IFSP`.`Alternativa` (`Id`, `Texto`, `Autenticidade`, `Pergunta_Id`) VALUES (NULL, 'c) a existência de uma oligarquia aristocrática, que monopolizava o poder militar, político e religioso, culturalmente arcaica, sem atividades mercantis', 1, 28);
INSERT INTO `Respostas_IFSP`.`Alternativa` (`Id`, `Texto`, `Autenticidade`, `Pergunta_Id`) VALUES (NULL, 'd) a proibição da escravidão por dívidas pela oligarquia dominante estimulou a vinda para a cidade de artesãos estrangeiros, a fim de promover o comércio e atividades culturais', 0, 28);
INSERT INTO `Respostas_IFSP`.`Alternativa` (`Id`, `Texto`, `Autenticidade`, `Pergunta_Id`) VALUES (NULL, 'e) cidade marítima dominada por camponeses proprietários de minifúndios, que permitia aos estrangeiros, Metecos, a realização de atividades culturais', 0, 28);
INSERT INTO `Respostas_IFSP`.`Alternativa` (`Id`, `Texto`, `Autenticidade`, `Pergunta_Id`) VALUES (NULL, 'a) Leônidas, rei espartano que liderou a resistência contra os persas com apenas 300 soldados.', 0, 29);
INSERT INTO `Respostas_IFSP`.`Alternativa` (`Id`, `Texto`, `Autenticidade`, `Pergunta_Id`) VALUES (NULL, 'b) Alexandre, o Grande, rei da Macedônia, que difundiu a cultura grega na África e na Ásia.', 1, 29);
INSERT INTO `Respostas_IFSP`.`Alternativa` (`Id`, `Texto`, `Autenticidade`, `Pergunta_Id`) VALUES (NULL, 'c) Nero, imperador romano admirador dos gregos, famoso por ter colocado fogo em Roma.', 0, 29);
INSERT INTO `Respostas_IFSP`.`Alternativa` (`Id`, `Texto`, `Autenticidade`, `Pergunta_Id`) VALUES (NULL, 'd) Péricles, governante responsável pelo apogeu da cidade de Atenas no período clássico.', 0, 29);
INSERT INTO `Respostas_IFSP`.`Alternativa` (`Id`, `Texto`, `Autenticidade`, `Pergunta_Id`) VALUES (NULL, 'e) Licurgo, legislador conhecido por estabelecer as duras leis da cidade de Esparta.', 0, 29);
INSERT INTO `Respostas_IFSP`.`Alternativa` (`Id`, `Texto`, `Autenticidade`, `Pergunta_Id`) VALUES (NULL, 'a) 6,0 m/s e 9,0m;', 1, 30);
INSERT INTO `Respostas_IFSP`.`Alternativa` (`Id`, `Texto`, `Autenticidade`, `Pergunta_Id`) VALUES (NULL, 'b) 6,0m/s e 18m;', 0, 30);
INSERT INTO `Respostas_IFSP`.`Alternativa` (`Id`, `Texto`, `Autenticidade`, `Pergunta_Id`) VALUES (NULL, 'c) 3,0 m/s e 12m;', 0, 30);
INSERT INTO `Respostas_IFSP`.`Alternativa` (`Id`, `Texto`, `Autenticidade`, `Pergunta_Id`) VALUES (NULL, 'd) 12 m/s e 35m;', 0, 30);
INSERT INTO `Respostas_IFSP`.`Alternativa` (`Id`, `Texto`, `Autenticidade`, `Pergunta_Id`) VALUES (NULL, 'e) 2,0 m/s e 12 m.', 0, 30);
INSERT INTO `Respostas_IFSP`.`Alternativa` (`Id`, `Texto`, `Autenticidade`, `Pergunta_Id`) VALUES (NULL, 'a) 5 m/s', 0, 32);
INSERT INTO `Respostas_IFSP`.`Alternativa` (`Id`, `Texto`, `Autenticidade`, `Pergunta_Id`) VALUES (NULL, 'b) 25 m/s', 1, 32);
INSERT INTO `Respostas_IFSP`.`Alternativa` (`Id`, `Texto`, `Autenticidade`, `Pergunta_Id`) VALUES (NULL, 'c) 50 m/s', 0, 32);

INSERT INTO `Respostas_IFSP`.`Alternativa` (`Id`, `Texto`, `Autenticidade`, `Pergunta_Id`) VALUES (NULL, 'd) 30 m/s', 0, 32);
INSERT INTO `Respostas_IFSP`.`Alternativa` (`Id`, `Texto`, `Autenticidade`, `Pergunta_Id`) VALUES (NULL, 'e) 10 m/s', 0, 32);
INSERT INTO `Respostas_IFSP`.`Alternativa` (`Id`, `Texto`, `Autenticidade`, `Pergunta_Id`) VALUES (NULL, 'a) 1,5 ', 1, 31);
INSERT INTO `Respostas_IFSP`.`Alternativa` (`Id`, `Texto`, `Autenticidade`, `Pergunta_Id`) VALUES (NULL, 'b) 1,0', 0, 31);
INSERT INTO `Respostas_IFSP`.`Alternativa` (`Id`, `Texto`, `Autenticidade`, `Pergunta_Id`) VALUES (NULL, 'c) 2,5', 0, 31);
INSERT INTO `Respostas_IFSP`.`Alternativa` (`Id`, `Texto`, `Autenticidade`, `Pergunta_Id`) VALUES (NULL, 'd) 2,0', 0, 31);
INSERT INTO `Respostas_IFSP`.`Alternativa` (`Id`, `Texto`, `Autenticidade`, `Pergunta_Id`) VALUES (NULL, 'e) n.d.a.', 0, 31);
INSERT INTO `Respostas_IFSP`.`Alternativa` (`Id`, `Texto`, `Autenticidade`, `Pergunta_Id`) VALUES (NULL, 'a) 1,12 m.', 0, 33);
INSERT INTO `Respostas_IFSP`.`Alternativa` (`Id`, `Texto`, `Autenticidade`, `Pergunta_Id`) VALUES (NULL, 'b) 1,25 m.', 1, 33);
INSERT INTO `Respostas_IFSP`.`Alternativa` (`Id`, `Texto`, `Autenticidade`, `Pergunta_Id`) VALUES (NULL, 'c) 2,5 m.', 0, 33);
INSERT INTO `Respostas_IFSP`.`Alternativa` (`Id`, `Texto`, `Autenticidade`, `Pergunta_Id`) VALUES (NULL, 'd) 3,75 m.', 0, 33);
INSERT INTO `Respostas_IFSP`.`Alternativa` (`Id`, `Texto`, `Autenticidade`, `Pergunta_Id`) VALUES (NULL, 'e) 5 m.', 0, 33);
INSERT INTO `Respostas_IFSP`.`Alternativa` (`Id`, `Texto`, `Autenticidade`, `Pergunta_Id`) VALUES (NULL, 'a) 2m(v + x)^2', 0, 34);
INSERT INTO `Respostas_IFSP`.`Alternativa` (`Id`, `Texto`, `Autenticidade`, `Pergunta_Id`) VALUES (NULL, 'b) m (v – x)^2', 0, 34);
INSERT INTO `Respostas_IFSP`.`Alternativa` (`Id`, `Texto`, `Autenticidade`, `Pergunta_Id`) VALUES (NULL, 'c) m(x/v)^2', 0, 34);
INSERT INTO `Respostas_IFSP`.`Alternativa` (`Id`, `Texto`, `Autenticidade`, `Pergunta_Id`) VALUES (NULL, 'd) m(v/x)^2', 1, 34);
INSERT INTO `Respostas_IFSP`.`Alternativa` (`Id`, `Texto`, `Autenticidade`, `Pergunta_Id`) VALUES (NULL, 'e) 2mv(1/x)^2', 0, 34);
INSERT INTO `Respostas_IFSP`.`Alternativa` (`Id`, `Texto`, `Autenticidade`, `Pergunta_Id`) VALUES (NULL, 'a) A energia potencial gravitacional é armazenada em virtude da posição ocupada por um objeto qualquer.', 0, 35);
INSERT INTO `Respostas_IFSP`.`Alternativa` (`Id`, `Texto`, `Autenticidade`, `Pergunta_Id`) VALUES (NULL, 'b) A constante elástica de uma mola indica se ela é de fácil ou difícil deformação.', 0, 35);
INSERT INTO `Respostas_IFSP`.`Alternativa` (`Id`, `Texto`, `Autenticidade`, `Pergunta_Id`) VALUES (NULL, 'c) A energia potencial elástica é a metade do produto da constante elástica pela deformação sofrida pela mola.', 1, 35);
INSERT INTO `Respostas_IFSP`.`Alternativa` (`Id`, `Texto`, `Autenticidade`, `Pergunta_Id`) VALUES (NULL, 'd) A energia potencial elástica é armazenada em um material elástico em virtude de sua deformação.', 0, 35);
INSERT INTO `Respostas_IFSP`.`Alternativa` (`Id`, `Texto`, `Autenticidade`, `Pergunta_Id`) VALUES (NULL, 'e) Relacionar o conceito de energia somente à ideia de movimento é um erro, uma vez que, ao ocupar uma posição, um corpo possui energia potencial armazenada.', 0, 35);
INSERT INTO `Respostas_IFSP`.`Alternativa` (`Id`, `Texto`, `Autenticidade`, `Pergunta_Id`) VALUES (NULL, 'a) 1000 J', 0, 36);
INSERT INTO `Respostas_IFSP`.`Alternativa` (`Id`, `Texto`, `Autenticidade`, `Pergunta_Id`) VALUES (NULL, 'b) 2500 J', 0, 36);
INSERT INTO `Respostas_IFSP`.`Alternativa` (`Id`, `Texto`, `Autenticidade`, `Pergunta_Id`) VALUES (NULL, 'c) 0 J', 1, 36);
INSERT INTO `Respostas_IFSP`.`Alternativa` (`Id`, `Texto`, `Autenticidade`, `Pergunta_Id`) VALUES (NULL, 'd) 10000J', 0, 36);
INSERT INTO `Respostas_IFSP`.`Alternativa` (`Id`, `Texto`, `Autenticidade`, `Pergunta_Id`) VALUES (NULL, 'e) 50 J', 0, 36);

INSERT INTO `Respostas_IFSP`.`Alternativa` (`Id`, `Texto`, `Autenticidade`, `Pergunta_Id`) VALUES (NULL, 'a) 14,0 J.', 1, 37);
INSERT INTO `Respostas_IFSP`.`Alternativa` (`Id`, `Texto`, `Autenticidade`, `Pergunta_Id`) VALUES (NULL, 'b) 24,0 J.', 0, 37);
INSERT INTO `Respostas_IFSP`.`Alternativa` (`Id`, `Texto`, `Autenticidade`, `Pergunta_Id`) VALUES (NULL, 'c) 28,0 J.', 0, 37);
INSERT INTO `Respostas_IFSP`.`Alternativa` (`Id`, `Texto`, `Autenticidade`, `Pergunta_Id`) VALUES (NULL, 'd) 48,1 J.', 0, 37);
INSERT INTO `Respostas_IFSP`.`Alternativa` (`Id`, `Texto`, `Autenticidade`, `Pergunta_Id`) VALUES (NULL, 'e) 56,0 J.', 0, 37);
INSERT INTO `Respostas_IFSP`.`Alternativa` (`Id`, `Texto`, `Autenticidade`, `Pergunta_Id`) VALUES (NULL, 'a) 50 N', 1, 38);
INSERT INTO `Respostas_IFSP`.`Alternativa` (`Id`, `Texto`, `Autenticidade`, `Pergunta_Id`) VALUES (NULL, 'b) 40 N', 0, 38);
INSERT INTO `Respostas_IFSP`.`Alternativa` (`Id`, `Texto`, `Autenticidade`, `Pergunta_Id`) VALUES (NULL, 'c) 25 N', 0, 38);
INSERT INTO `Respostas_IFSP`.`Alternativa` (`Id`, `Texto`, `Autenticidade`, `Pergunta_Id`) VALUES (NULL, 'd) 30 N', 0, 38);
INSERT INTO `Respostas_IFSP`.`Alternativa` (`Id`, `Texto`, `Autenticidade`, `Pergunta_Id`) VALUES (NULL, 'e) 15 N', 0, 38);
INSERT INTO `Respostas_IFSP`.`Alternativa` (`Id`, `Texto`, `Autenticidade`, `Pergunta_Id`) VALUES (NULL, 'a) 101', 1, 39);
INSERT INTO `Respostas_IFSP`.`Alternativa` (`Id`, `Texto`, `Autenticidade`, `Pergunta_Id`) VALUES (NULL, 'b) 99', 0, 39);
INSERT INTO `Respostas_IFSP`.`Alternativa` (`Id`, `Texto`, `Autenticidade`, `Pergunta_Id`) VALUES (NULL, 'c) 110', 0, 39);
INSERT INTO `Respostas_IFSP`.`Alternativa` (`Id`, `Texto`, `Autenticidade`, `Pergunta_Id`) VALUES (NULL, 'd) 90', 0, 39);
INSERT INTO `Respostas_IFSP`.`Alternativa` (`Id`, `Texto`, `Autenticidade`, `Pergunta_Id`) VALUES (NULL, 'e) 100', 0, 39);
INSERT INTO `Respostas_IFSP`.`Alternativa` (`Id`, `Texto`, `Autenticidade`, `Pergunta_Id`) VALUES (NULL, 'a) (v – v0) ÷ F.t', 0, 40);
INSERT INTO `Respostas_IFSP`.`Alternativa` (`Id`, `Texto`, `Autenticidade`, `Pergunta_Id`) VALUES (NULL, 'b) F.t ÷ (v – v0)', 1, 40);
INSERT INTO `Respostas_IFSP`.`Alternativa` (`Id`, `Texto`, `Autenticidade`, `Pergunta_Id`) VALUES (NULL, 'c) F.(v – v0) ÷ t', 0, 40);
INSERT INTO `Respostas_IFSP`.`Alternativa` (`Id`, `Texto`, `Autenticidade`, `Pergunta_Id`) VALUES (NULL, 'd) (F – v) ÷ v0.t', 0, 40);
INSERT INTO `Respostas_IFSP`.`Alternativa` (`Id`, `Texto`, `Autenticidade`, `Pergunta_Id`) VALUES (NULL, 'e) v.t ÷ (F – v0)', 0, 40);
INSERT INTO `Respostas_IFSP`.`Alternativa` (`Id`, `Texto`, `Autenticidade`, `Pergunta_Id`) VALUES (NULL, 'a) I e II são falsas', 0, 41);
INSERT INTO `Respostas_IFSP`.`Alternativa` (`Id`, `Texto`, `Autenticidade`, `Pergunta_Id`) VALUES (NULL, 'b) I, II, III e IV são verdadeiras.', 0, 41);
INSERT INTO `Respostas_IFSP`.`Alternativa` (`Id`, `Texto`, `Autenticidade`, `Pergunta_Id`) VALUES (NULL, 'c) IV e V são falsas', 0, 41);
INSERT INTO `Respostas_IFSP`.`Alternativa` (`Id`, `Texto`, `Autenticidade`, `Pergunta_Id`) VALUES (NULL, 'd) I, III e IV são verdadeiras.', 1, 41);
INSERT INTO `Respostas_IFSP`.`Alternativa` (`Id`, `Texto`, `Autenticidade`, `Pergunta_Id`) VALUES (NULL, 'e) III, IV e V são verdadeiras.', 0, 41);
INSERT INTO `Respostas_IFSP`.`Alternativa` (`Id`, `Texto`, `Autenticidade`, `Pergunta_Id`) VALUES (NULL, 'a) peso, gravidade, atrito', 0, 42);
INSERT INTO `Respostas_IFSP`.`Alternativa` (`Id`, `Texto`, `Autenticidade`, `Pergunta_Id`) VALUES (NULL, 'b) peso, empuxo, atrito', 1, 42);
INSERT INTO `Respostas_IFSP`.`Alternativa` (`Id`, `Texto`, `Autenticidade`, `Pergunta_Id`) VALUES (NULL, 'c) gravidade, impulso, aceleração', 0, 42);
INSERT INTO `Respostas_IFSP`.`Alternativa` (`Id`, `Texto`, `Autenticidade`, `Pergunta_Id`) VALUES (NULL, 'd) gravidade, massa, peso', 0, 42);
INSERT INTO `Respostas_IFSP`.`Alternativa` (`Id`, `Texto`, `Autenticidade`, `Pergunta_Id`) VALUES (NULL, 'e) energia, velocidade, atrito', 0, 42);
INSERT INTO `Respostas_IFSP`.`Alternativa` (`Id`, `Texto`, `Autenticidade`, `Pergunta_Id`) VALUES (NULL, 'a) decibelímetro', 0, 43);
INSERT INTO `Respostas_IFSP`.`Alternativa` (`Id`, `Texto`, `Autenticidade`, `Pergunta_Id`) VALUES (NULL, 'b) manômetro', 0, 43);
INSERT INTO `Respostas_IFSP`.`Alternativa` (`Id`, `Texto`, `Autenticidade`, `Pergunta_Id`) VALUES (NULL, 'c) termômetro', 0, 43);
INSERT INTO `Respostas_IFSP`.`Alternativa` (`Id`, `Texto`, `Autenticidade`, `Pergunta_Id`) VALUES (NULL, 'd) dinamômetro', 1, 43);
INSERT INTO `Respostas_IFSP`.`Alternativa` (`Id`, `Texto`, `Autenticidade`, `Pergunta_Id`) VALUES (NULL, 'e) amperímetro', 0, 43);
INSERT INTO `Respostas_IFSP`.`Alternativa` (`Id`, `Texto`, `Autenticidade`, `Pergunta_Id`) VALUES (NULL, 'a) sua velocidade é nula', 0, 44);
INSERT INTO `Respostas_IFSP`.`Alternativa` (`Id`, `Texto`, `Autenticidade`, `Pergunta_Id`) VALUES (NULL, 'b) seu movimento é retilíneo', 0, 44);
INSERT INTO `Respostas_IFSP`.`Alternativa` (`Id`, `Texto`, `Autenticidade`, `Pergunta_Id`) VALUES (NULL, 'c) sua aceleração é constante', 0, 44);
INSERT INTO `Respostas_IFSP`.`Alternativa` (`Id`, `Texto`, `Autenticidade`, `Pergunta_Id`) VALUES (NULL, 'd) sua aceleração é nula', 1, 44);
INSERT INTO `Respostas_IFSP`.`Alternativa` (`Id`, `Texto`, `Autenticidade`, `Pergunta_Id`) VALUES (NULL, 'e) o módulo da força resultante sobre o corpo é maior que zero', 0, 44);
INSERT INTO `Respostas_IFSP`.`Alternativa` (`Id`, `Texto`, `Autenticidade`, `Pergunta_Id`) VALUES (NULL, 'a) 239,15', 0, 45);
INSERT INTO `Respostas_IFSP`.`Alternativa` (`Id`, `Texto`, `Autenticidade`, `Pergunta_Id`) VALUES (NULL, 'b) 307,15 ', 1, 45);
INSERT INTO `Respostas_IFSP`.`Alternativa` (`Id`, `Texto`, `Autenticidade`, `Pergunta_Id`) VALUES (NULL, 'c) 273,15', 0, 45);
INSERT INTO `Respostas_IFSP`.`Alternativa` (`Id`, `Texto`, `Autenticidade`, `Pergunta_Id`) VALUES (NULL, 'd) 1,91', 0, 45);
INSERT INTO `Respostas_IFSP`.`Alternativa` (`Id`, `Texto`, `Autenticidade`, `Pergunta_Id`) VALUES (NULL, 'e) –307,15', 0, 45);
INSERT INTO `Respostas_IFSP`.`Alternativa` (`Id`, `Texto`, `Autenticidade`, `Pergunta_Id`) VALUES (NULL, 'a) 0 ºC é igual a 273,15 K.', 0, 46);
INSERT INTO `Respostas_IFSP`.`Alternativa` (`Id`, `Texto`, `Autenticidade`, `Pergunta_Id`) VALUES (NULL, 'b) -100 ºC é igual a 173,15 K.', 0, 46);
INSERT INTO `Respostas_IFSP`.`Alternativa` (`Id`, `Texto`, `Autenticidade`, `Pergunta_Id`) VALUES (NULL, 'c) 26,85 K é igual a 300 ºC.', 1, 46);
INSERT INTO `Respostas_IFSP`.`Alternativa` (`Id`, `Texto`, `Autenticidade`, `Pergunta_Id`) VALUES (NULL, 'd) 500 k é igual a 226,85 ºC.', 0, 46);
INSERT INTO `Respostas_IFSP`.`Alternativa` (`Id`, `Texto`, `Autenticidade`, `Pergunta_Id`) VALUES (NULL, 'e) 300 k é igual a 26,85 ºC.', 0, 46);
INSERT INTO `Respostas_IFSP`.`Alternativa` (`Id`, `Texto`, `Autenticidade`, `Pergunta_Id`) VALUES (NULL, 'a) 52,9 ºC ', 1, 47);
INSERT INTO `Respostas_IFSP`.`Alternativa` (`Id`, `Texto`, `Autenticidade`, `Pergunta_Id`) VALUES (NULL, 'b) 28,5 ºC', 0, 47);
INSERT INTO `Respostas_IFSP`.`Alternativa` (`Id`, `Texto`, `Autenticidade`, `Pergunta_Id`) VALUES (NULL, 'c) 74,3 ºC', 0, 47);
INSERT INTO `Respostas_IFSP`.`Alternativa` (`Id`, `Texto`, `Autenticidade`, `Pergunta_Id`) VALUES (NULL, 'd) - 8,5 ºC', 0, 47);
INSERT INTO `Respostas_IFSP`.`Alternativa` (`Id`, `Texto`, `Autenticidade`, `Pergunta_Id`) VALUES (NULL, 'e) - 28,5 ºC', 0, 47);
INSERT INTO `Respostas_IFSP`.`Alternativa` (`Id`, `Texto`, `Autenticidade`, `Pergunta_Id`) VALUES (NULL, 'a) 8 cal/ ºC e 0,08 cal/g .ºC', 0, 48);
INSERT INTO `Respostas_IFSP`.`Alternativa` (`Id`, `Texto`, `Autenticidade`, `Pergunta_Id`) VALUES (NULL, 'b) 80 cal/ ºC e 0,16 cal/g. ºC', 1, 48);
INSERT INTO `Respostas_IFSP`.`Alternativa` (`Id`, `Texto`, `Autenticidade`, `Pergunta_Id`) VALUES (NULL, 'c) 90 cal/ ºC e 0,09 cal/g. ºC', 0, 48);
INSERT INTO `Respostas_IFSP`.`Alternativa` (`Id`, `Texto`, `Autenticidade`, `Pergunta_Id`) VALUES (NULL, 'd) 95 cal/ ºC e 0,15 cal/g. ºC', 0, 48);
INSERT INTO `Respostas_IFSP`.`Alternativa` (`Id`, `Texto`, `Autenticidade`, `Pergunta_Id`) VALUES (NULL, 'e) 120 cal/ ºC e 0,12 cal/g. ºC', 0, 48);
INSERT INTO `Respostas_IFSP`.`Alternativa` (`Id`, `Texto`, `Autenticidade`, `Pergunta_Id`) VALUES (NULL, 'a) a densidade da água do mar é menor que a da areia.', 0, 49);
INSERT INTO `Respostas_IFSP`.`Alternativa` (`Id`, `Texto`, `Autenticidade`, `Pergunta_Id`) VALUES (NULL, 'b) o calor específico da areia é menor que o calor específico da água.', 1, 49);
INSERT INTO `Respostas_IFSP`.`Alternativa` (`Id`, `Texto`, `Autenticidade`, `Pergunta_Id`) VALUES (NULL, 'c) o coeficiente de dilatação térmica da água é maior que o coeficiente de dilatação térmica da areia. ', 0, 49);
INSERT INTO `Respostas_IFSP`.`Alternativa` (`Id`, `Texto`, `Autenticidade`, `Pergunta_Id`) VALUES (NULL, 'd) o calor contido na areia, à noite, propaga-se para a água do mar.', 0, 49);
INSERT INTO `Respostas_IFSP`.`Alternativa` (`Id`, `Texto`, `Autenticidade`, `Pergunta_Id`) VALUES (NULL, 'e) a agitação da água do mar retarda seu resfriamento.', 0, 49);
INSERT INTO `Respostas_IFSP`.`Alternativa` (`Id`, `Texto`, `Autenticidade`, `Pergunta_Id`) VALUES (NULL, 'a) 8.000 e 5.000', 0, 50);
INSERT INTO `Respostas_IFSP`.`Alternativa` (`Id`, `Texto`, `Autenticidade`, `Pergunta_Id`) VALUES (NULL, 'b) 5.000 e 8.000', 1, 50);
INSERT INTO `Respostas_IFSP`.`Alternativa` (`Id`, `Texto`, `Autenticidade`, `Pergunta_Id`) VALUES (NULL, 'c) 5.000 e 5.000', 0, 50);
INSERT INTO `Respostas_IFSP`.`Alternativa` (`Id`, `Texto`, `Autenticidade`, `Pergunta_Id`) VALUES (NULL, 'd) 4.000 e 8.000', 0, 50);
INSERT INTO `Respostas_IFSP`.`Alternativa` (`Id`, `Texto`, `Autenticidade`, `Pergunta_Id`) VALUES (NULL, 'e) 1.000 e 4.000', 0, 50);
INSERT INTO `Respostas_IFSP`.`Alternativa` (`Id`, `Texto`, `Autenticidade`, `Pergunta_Id`) VALUES (NULL, 'a) A matriz energética brasileira é uma das mais renováveis do mundo industrializado.', 0, 51);
INSERT INTO `Respostas_IFSP`.`Alternativa` (`Id`, `Texto`, `Autenticidade`, `Pergunta_Id`) VALUES (NULL, 'b) O petróleo e seus derivados ainda são a fonte de energia mais utilizada no Brasil.', 0, 51);
INSERT INTO `Respostas_IFSP`.`Alternativa` (`Id`, `Texto`, `Autenticidade`, `Pergunta_Id`) VALUES (NULL, 'c) O Brasil emite menos gases de efeito estufa por habitante do que a maioria das nações do mundo.', 0, 51);
INSERT INTO `Respostas_IFSP`.`Alternativa` (`Id`, `Texto`, `Autenticidade`, `Pergunta_Id`) VALUES (NULL, 'd) A energia eólica e a solar representam juntas cerca de 75% da geração de eletricidade no Brasil.', 1, 51);
INSERT INTO `Respostas_IFSP`.`Alternativa` (`Id`, `Texto`, `Autenticidade`, `Pergunta_Id`) VALUES (NULL, 'e) O Nordeste é o maior produtor de energia eólica do país. Já a energia solar é difundida em outras regiões, visto que vivemos em um país com alta insolação em virtude da sua localização.', 0, 51);
INSERT INTO `Respostas_IFSP`.`Alternativa` (`Id`, `Texto`, `Autenticidade`, `Pergunta_Id`) VALUES (NULL, 'a) VVVF', 0, 52);
INSERT INTO `Respostas_IFSP`.`Alternativa` (`Id`, `Texto`, `Autenticidade`, `Pergunta_Id`) VALUES (NULL, 'b) VVFV', 0, 52);
INSERT INTO `Respostas_IFSP`.`Alternativa` (`Id`, `Texto`, `Autenticidade`, `Pergunta_Id`) VALUES (NULL, 'c) VVFF', 1, 52);
INSERT INTO `Respostas_IFSP`.`Alternativa` (`Id`, `Texto`, `Autenticidade`, `Pergunta_Id`) VALUES (NULL, 'd) VFVF', 0, 52);
INSERT INTO `Respostas_IFSP`.`Alternativa` (`Id`, `Texto`, `Autenticidade`, `Pergunta_Id`) VALUES (NULL, 'e) N.D.A', 0, 52);
INSERT INTO `Respostas_IFSP`.`Alternativa` (`Id`, `Texto`, `Autenticidade`, `Pergunta_Id`) VALUES (NULL, 'a) a grande variação do volume de águas nos leitos dos principais rios durante os meses de primavera e verão.', 0, 53);
INSERT INTO `Respostas_IFSP`.`Alternativa` (`Id`, `Texto`, `Autenticidade`, `Pergunta_Id`) VALUES (NULL, 'b) a presença de unidades de conservação e de terras indígenas em vários pontos da bacia hidrográfica.', 1, 53);
INSERT INTO `Respostas_IFSP`.`Alternativa` (`Id`, `Texto`, `Autenticidade`, `Pergunta_Id`) VALUES (NULL, 'c) a pouca profundidade dos leitos fluviais, o que impede a instalação de turbinas e demais equipamentos.', 0, 53);
INSERT INTO `Respostas_IFSP`.`Alternativa` (`Id`, `Texto`, `Autenticidade`, `Pergunta_Id`) VALUES (NULL, 'd) o relevo formado por baixos planaltos geologicamente instáveis que dificultam a construção de barragens.', 0, 53);
INSERT INTO `Respostas_IFSP`.`Alternativa` (`Id`, `Texto`, `Autenticidade`, `Pergunta_Id`) VALUES (NULL, 'e) o baixo desenvolvimento econômico e a fraca integração regional, que desestimulam grandes investimentos.', 0, 53);
INSERT INTO `Respostas_IFSP`.`Alternativa` (`Id`, `Texto`, `Autenticidade`, `Pergunta_Id`) VALUES(NULL,  'b) 10',  0,  54 );
INSERT INTO `Respostas_IFSP`.`Alternativa` (`Id`, `Texto`, `Autenticidade`, `Pergunta_Id`) VALUES(NULL, 'c) 20', 0, 54);
INSERT INTO `Respostas_IFSP`.`Alternativa` (`Id`, `Texto`, `Autenticidade`, `Pergunta_Id`) VALUES(NULL, 'd) 30', 0, 54);
INSERT INTO `Respostas_IFSP`.`Alternativa` (`Id`, `Texto`, `Autenticidade`, `Pergunta_Id`) VALUES(NULL, 'e) 40', 0, 54);
INSERT INTO `Respostas_IFSP`.`Alternativa` (`Id`, `Texto`, `Autenticidade`, `Pergunta_Id`) VALUES(NULL, 'a) 0', 0, 55 );
INSERT INTO `Respostas_IFSP`.`Alternativa` (`Id`, `Texto`, `Autenticidade`, `Pergunta_Id`) VALUES(NULL, 'b) 2', 0, 55 );
INSERT INTO `Respostas_IFSP`.`Alternativa` (`Id`, `Texto`, `Autenticidade`, `Pergunta_Id`) VALUES(NULL, 'c) 3', 0, 55 );
INSERT INTO `Respostas_IFSP`.`Alternativa` (`Id`, `Texto`, `Autenticidade`, `Pergunta_Id`) VALUES(NULL, 'd) 4', 0, 55 );
INSERT INTO `Respostas_IFSP`.`Alternativa` (`Id`, `Texto`, `Autenticidade`, `Pergunta_Id`) VALUES(NULL, 'e) 5', 0, 55 );
INSERT INTO `Respostas_IFSP`.`Alternativa` (`Id`, `Texto`, `Autenticidade`, `Pergunta_Id`) VALUES(NULL, 'a) 2√21 m', 0,  56);
INSERT INTO `Respostas_IFSP`.`Alternativa` (`Id`, `Texto`, `Autenticidade`, `Pergunta_Id`) VALUES(NULL, 'b) 2√31 m', 0, 56 );
INSERT INTO `Respostas_IFSP`.`Alternativa` (`Id`, `Texto`, `Autenticidade`, `Pergunta_Id`) VALUES(NULL, 'c) 2√41 m', 0, 56 );
INSERT INTO `Respostas_IFSP`.`Alternativa` (`Id`, `Texto`, `Autenticidade`, `Pergunta_Id`) VALUES(NULL, 'd) 2√51 m', 0, 56 );
INSERT INTO `Respostas_IFSP`.`Alternativa` (`Id`, `Texto`, `Autenticidade`, `Pergunta_Id`) VALUES(NULL, 'e) 2√61 m', 0,  56);
INSERT INTO `Respostas_IFSP`.`Alternativa` (`Id`, `Texto`, `Autenticidade`, `Pergunta_Id`) VALUES(NULL, 'a) [-1, 2) U [3, ∞)', 0, 57 );
INSERT INTO `Respostas_IFSP`.`Alternativa` (`Id`, `Texto`, `Autenticidade`, `Pergunta_Id`) VALUES(NULL, 'b) (-1, 2] U (3, ∞)', 0, 57 );
INSERT INTO `Respostas_IFSP`.`Alternativa` (`Id`, `Texto`, `Autenticidade`, `Pergunta_Id`) VALUES(NULL, 'c) [1, 3]', 0, 57 );
INSERT INTO `Respostas_IFSP`.`Alternativa` (`Id`, `Texto`, `Autenticidade`, `Pergunta_Id`) VALUES(NULL, 'd) [- 3, 2)',  0,  57 );
INSERT INTO `Respostas_IFSP`.`Alternativa` (`Id`, `Texto`, `Autenticidade`, `Pergunta_Id`) VALUES(NULL, 'e) [-3, - 2] U (2, ∞)', 0,  57 );
INSERT INTO `Respostas_IFSP`.`Alternativa` (`Id`, `Texto`, `Autenticidade`, `Pergunta_Id`) VALUES(NULL, 'a) ¼', 0,  58 );
INSERT INTO `Respostas_IFSP`.`Alternativa` (`Id`, `Texto`, `Autenticidade`, `Pergunta_Id`) VALUES(NULL, 'b) 1', 0,  58 );
INSERT INTO `Respostas_IFSP`.`Alternativa` (`Id`, `Texto`, `Autenticidade`, `Pergunta_Id`) VALUES(NULL, 'c) 8', 0,  58 );
INSERT INTO `Respostas_IFSP`.`Alternativa` (`Id`, `Texto`, `Autenticidade`, `Pergunta_Id`) VALUES(NULL, 'd) 4', 0,  58 );
INSERT INTO `Respostas_IFSP`.`Alternativa` (`Id`, `Texto`, `Autenticidade`, `Pergunta_Id`) VALUES(NULL, 'e) ½', 0,  58 );
INSERT INTO `Respostas_IFSP`.`Alternativa` (`Id`, `Texto`, `Autenticidade`, `Pergunta_Id`) VALUES(NULL, 'a) A ética, enquanto investigação racional do agir humano.', 0,  59 );
INSERT INTO `Respostas_IFSP`.`Alternativa` (`Id`, `Texto`, `Autenticidade`, `Pergunta_Id`) VALUES(NULL, 'b) A estética, enquanto estudo sobre o belo na arte.', 0,  59 );
INSERT INTO `Respostas_IFSP`.`Alternativa` (`Id`, `Texto`, `Autenticidade`, `Pergunta_Id`) VALUES(NULL, 'c) A epistemologia, como avaliação dos procedimentos científicos.', 0,  59 );
INSERT INTO `Respostas_IFSP`.`Alternativa` (`Id`, `Texto`, `Autenticidade`, `Pergunta_Id`) VALUES(NULL, 'd) A cosmologia, como investigação acerca da origem e da ordem do mundo.', 0,  59 );
INSERT INTO `Respostas_IFSP`.`Alternativa` (`Id`, `Texto`, `Autenticidade`, `Pergunta_Id`) VALUES(NULL, 'e) A filosofia política, enquanto análise do Estado e sua legislação.', 0,  59 );
INSERT INTO `Respostas_IFSP`.`Alternativa` (`Id`, `Texto`, `Autenticidade`, `Pergunta_Id`) VALUES(NULL, 'a) Período Pré-Socrático, Socrático, Escolástico e Patrístico.', 0,  60 );
INSERT INTO `Respostas_IFSP`.`Alternativa` (`Id`, `Texto`, `Autenticidade`, `Pergunta_Id`) VALUES(NULL, 'b) Período Sofista, Pré-Socrático, Socrático e Pós-Socrático.', 0,  60 );
INSERT INTO `Respostas_IFSP`.`Alternativa` (`Id`, `Texto`, `Autenticidade`, `Pergunta_Id`) VALUES(NULL, 'c) Período Pré-Socrático, Socrático, Platônico e Aristotélico.', 0,  60 );
INSERT INTO `Respostas_IFSP`.`Alternativa` (`Id`, `Texto`, `Autenticidade`, `Pergunta_Id`) VALUES(NULL, 'd) Período Pré-Socrático, Socrático, Pós-Socrático e Greco-Romano (ou helenístico).', 0,  60 );
INSERT INTO `Respostas_IFSP`.`Alternativa` (`Id`, `Texto`, `Autenticidade`, `Pergunta_Id`) VALUES(NULL, 'a) Militar.', 0,  61 );
INSERT INTO `Respostas_IFSP`.`Alternativa` (`Id`, `Texto`, `Autenticidade`, `Pergunta_Id`) VALUES(NULL, 'b) Seminarística.', 0,  61 );
INSERT INTO `Respostas_IFSP`.`Alternativa` (`Id`, `Texto`, `Autenticidade`, `Pergunta_Id`) VALUES(NULL, 'c) Reclusória.', 0,  61 );
INSERT INTO `Respostas_IFSP`.`Alternativa` (`Id`, `Texto`, `Autenticidade`, `Pergunta_Id`) VALUES(NULL, 'd) Particular.', 0,  61 );
INSERT INTO `Respostas_IFSP`.`Alternativa` (`Id`, `Texto`, `Autenticidade`, `Pergunta_Id`) VALUES(NULL, 'a) Ideologia.', 0,  62 );
INSERT INTO `Respostas_IFSP`.`Alternativa` (`Id`, `Texto`, `Autenticidade`, `Pergunta_Id`) VALUES(NULL, 'b) Doutrina.', 0,  62 );
INSERT INTO `Respostas_IFSP`.`Alternativa` (`Id`, `Texto`, `Autenticidade`, `Pergunta_Id`) VALUES(NULL, 'c) Mítica.', 0,  62 );
INSERT INTO `Respostas_IFSP`.`Alternativa` (`Id`, `Texto`, `Autenticidade`, `Pergunta_Id`) VALUES(NULL, 'd) Racionalização.', 0,  62 );
INSERT INTO `Respostas_IFSP`.`Alternativa` (`Id`, `Texto`, `Autenticidade`, `Pergunta_Id`) VALUES(NULL, 'a) bem supremo como fim do homem.', 0,  63 );
INSERT INTO `Respostas_IFSP`.`Alternativa` (`Id`, `Texto`, `Autenticidade`, `Pergunta_Id`) VALUES(NULL, 'b) prazer perene como fundamento da felicidade.', 0,  63 );
INSERT INTO `Respostas_IFSP`.`Alternativa` (`Id`, `Texto`, `Autenticidade`, `Pergunta_Id`) VALUES(NULL, 'c) ideal inteligível como transcendência desejada.', 0,  63 );
INSERT INTO `Respostas_IFSP`.`Alternativa` (`Id`, `Texto`, `Autenticidade`, `Pergunta_Id`) VALUES(NULL, 'd) amor como falta constituinte do ser humano.', 0,  63 );
INSERT INTO `Respostas_IFSP`.`Alternativa` (`Id`, `Texto`, `Autenticidade`, `Pergunta_Id`) VALUES(NULL, 'e) autoconhecimento como caminho da verdade.', 0,  63 );
INSERT INTO `Respostas_IFSP`.`Alternativa` (`Id`, `Texto`, `Autenticidade`, `Pergunta_Id`) VALUES(NULL, 'a)se trata de um non-sequitur.', 0,  64);
INSERT INTO `Respostas_IFSP`.`Alternativa` (`Id`, `Texto`, `Autenticidade`, `Pergunta_Id`) VALUES(NULL, 'b)se trata de um argumento válido.', 0,  64);
INSERT INTO `Respostas_IFSP`.`Alternativa` (`Id`, `Texto`, `Autenticidade`, `Pergunta_Id`) VALUES(NULL, 'c)se trata de uma falsa analogia.', 0,  64);
INSERT INTO `Respostas_IFSP`.`Alternativa` (`Id`, `Texto`, `Autenticidade`, `Pergunta_Id`) VALUES(NULL, 'd)se trata de uma petição de princípio.', 0,  64);
INSERT INTO `Respostas_IFSP`.`Alternativa` (`Id`, `Texto`, `Autenticidade`, `Pergunta_Id`) VALUES(NULL, 'a) a, the.',  0,  65);
INSERT INTO `Respostas_IFSP`.`Alternativa` (`Id`, `Texto`, `Autenticidade`, `Pergunta_Id`) VALUES(NULL, 'b) an, an.',  0,  65);
INSERT INTO `Respostas_IFSP`.`Alternativa` (`Id`, `Texto`, `Autenticidade`, `Pergunta_Id`) VALUES(NULL, 'c) a, an.',  0,  65);
INSERT INTO `Respostas_IFSP`.`Alternativa` (`Id`, `Texto`, `Autenticidade`, `Pergunta_Id`) VALUES(NULL, 'd) an, the.',  0,  65);
INSERT INTO `Respostas_IFSP`.`Alternativa` (`Id`, `Texto`, `Autenticidade`, `Pergunta_Id`) VALUES(NULL, 'a) he.',  0,  66);
INSERT INTO `Respostas_IFSP`.`Alternativa` (`Id`, `Texto`, `Autenticidade`, `Pergunta_Id`) VALUES(NULL, 'b) who.',  0,  66);
INSERT INTO `Respostas_IFSP`.`Alternativa` (`Id`, `Texto`, `Autenticidade`, `Pergunta_Id`) VALUES(NULL, 'c) whose.',  0,  66);
INSERT INTO `Respostas_IFSP`.`Alternativa` (`Id`, `Texto`, `Autenticidade`, `Pergunta_Id`) VALUES(NULL, 'd) what.',  0,  66);
INSERT INTO `Respostas_IFSP`.`Alternativa` (`Id`, `Texto`, `Autenticidade`, `Pergunta_Id`) VALUES(NULL, 'e) whom.',  0,  66);
INSERT INTO `Respostas_IFSP`.`Alternativa` (`Id`, `Texto`, `Autenticidade`, `Pergunta_Id`) VALUES(NULL, 'a) Cayo ______to the College tonight.(GO)',  0,  67);
INSERT INTO `Respostas_IFSP`.`Alternativa` (`Id`, `Texto`, `Autenticidade`, `Pergunta_Id`) VALUES(NULL, 'a) did –made – made.',  0,  68);
INSERT INTO `Respostas_IFSP`.`Alternativa` (`Id`, `Texto`, `Autenticidade`, `Pergunta_Id`) VALUES(NULL, 'b) made – did – made.',  0,  68);
INSERT INTO `Respostas_IFSP`.`Alternativa` (`Id`, `Texto`, `Autenticidade`, `Pergunta_Id`) VALUES(NULL, 'c) did – made – did.',  0,  68);
INSERT INTO `Respostas_IFSP`.`Alternativa` (`Id`, `Texto`, `Autenticidade`, `Pergunta_Id`) VALUES(NULL, 'd) made – made – made.',  0,  68);
INSERT INTO `Respostas_IFSP`.`Alternativa` (`Id`, `Texto`, `Autenticidade`, `Pergunta_Id`) VALUES(NULL, 'e) made – did – did.',  0,  68);
INSERT INTO `Respostas_IFSP`.`Alternativa` (`Id`, `Texto`, `Autenticidade`, `Pergunta_Id`) VALUES(NULL, 'a) Is.',  0,  69);
INSERT INTO `Respostas_IFSP`.`Alternativa` (`Id`, `Texto`, `Autenticidade`, `Pergunta_Id`) VALUES(NULL, 'b) Was.',  0,  69);
INSERT INTO `Respostas_IFSP`.`Alternativa` (`Id`, `Texto`, `Autenticidade`, `Pergunta_Id`) VALUES(NULL, 'c) Are.',  0,  69);
INSERT INTO `Respostas_IFSP`.`Alternativa` (`Id`, `Texto`, `Autenticidade`, `Pergunta_Id`) VALUES(NULL, 'd) Were',  0,  69);

select * from `Respostas_IFSP`.`Alternativa`;
-- -----------------------------------------------------
-- Table `Respostas_IFSP`.`RespostaDuvida`
-- -----------------------------------------------------
DROP TABLE IF EXISTS `Respostas_IFSP`.`RespostaDuvida` ;

CREATE TABLE IF NOT EXISTS `Respostas_IFSP`.`RespostaDuvida` (
  `Id` INT NOT NULL AUTO_INCREMENT,
  `Resposta` VARCHAR(10000) NOT NULL,
  `Duvida_Id` INT NOT NULL,
  PRIMARY KEY (`Id`),
  INDEX `fk_RespostaDuvida_Duvida1_idx` (`Duvida_Id` ASC) VISIBLE,
  CONSTRAINT `fk_RespostaDuvida_Duvida1`
    FOREIGN KEY (`Duvida_Id`)
    REFERENCES `Respostas_IFSP`.`Duvida` (`Id`)
    ON DELETE NO ACTION
    ON UPDATE NO ACTION)
ENGINE = InnoDB;


-- -----------------------------------------------------
-- Table `Respostas_IFSP`.`Prova_has_Pergunta`
-- -----------------------------------------------------
DROP TABLE IF EXISTS `Respostas_IFSP`.`Prova_has_Pergunta` ;

CREATE TABLE IF NOT EXISTS `Respostas_IFSP`.`Prova_has_Pergunta` (
  `Prova_Id` INT NOT NULL,
  `Pergunta_Id` INT NOT NULL,
  PRIMARY KEY (`Prova_Id`, `Pergunta_Id`),
  INDEX `fk_Prova_has_Pergunta_Pergunta1_idx` (`Pergunta_Id` ASC) VISIBLE,
  INDEX `fk_Prova_has_Pergunta_Prova1_idx` (`Prova_Id` ASC) VISIBLE,
  CONSTRAINT `fk_Prova_has_Pergunta_Prova1`
    FOREIGN KEY (`Prova_Id`)
    REFERENCES `Respostas_IFSP`.`Prova` (`Id`)
    ON DELETE NO ACTION
    ON UPDATE NO ACTION,
  CONSTRAINT `fk_Prova_has_Pergunta_Pergunta1`
    FOREIGN KEY (`Pergunta_Id`)
    REFERENCES `Respostas_IFSP`.`Pergunta` (`Id`)
    ON DELETE NO ACTION
    ON UPDATE NO ACTION)
ENGINE = InnoDB;


SET SQL_MODE=@OLD_SQL_MODE;
SET FOREIGN_KEY_CHECKS=@OLD_FOREIGN_KEY_CHECKS;
SET UNIQUE_CHECKS=@OLD_UNIQUE_CHECKS;
